id,lat,lng,horario,tipo,direccion
1,-34.48461,-58.62354, 08:00 a 20:00 hs,Centro de Carga,COLECTORA OESTE 25582
2,-34.4858,-58.6202, 08:00 a 20:00 hs,Centro de Carga,BOULOGNE SUR MER 2310
3,-34.486,-58.6145, 08:00 a 20:00 hs,Centro de Carga,TRIUNVIRATO 1513
4,-34.48804,-58.61387, 08:00 a 20:00 hs,Centro de Carga,TRIUNVIRATO 1663
5,-34.48804,-58.61387, 08:00 a 20:00 hs,Centro de Carga,TRIUNVIRATO 1663
6,-34.48151,-58.64091, 08:00 a 21:00 hs,Centro de Carga,COLECTORA OESTE KM 28.3 0
7,-34.48147,-58.63779, 08:00 a 21:00 hs,Centro de Carga,PASCUAL PALAZZO AU. 313
8,-34.48852,-58.61351, 08:00 a 20:00 hs,Centro de Carga,CONSTITUYENTES 3111
9,-34.4837,-58.62374, 08:00 a 20:00 hs,Centro de Carga,COLECTORA OESTE 25582
10,-34.4935,-58.6383, 08:00 a 20:00 hs,Centro de Carga,MANUEL ESTRADA 1150
11,-34.47619,-58.61556, 08:00 a 20:00 hs,Centro de Carga,ELCANO SEBASTIAN 630
12,-34.53008,-58.49597, 08:00 a 20:00 hs,Centro de Carga,SAN MARTIN JOSE DE GRAL. AV. 2529
13,-34.52814,-58.49207, 08:00 a 20:00 hs,Centro de Carga,SAN MARTIN JOSE DE GRAL. AV. 2199
14,-34.5405,-58.4854, 08:00 a 20:00 hs,Centro de Carga,DEL VALLE A. 1531
15,-34.5233,-58.48929, 08:00 a 20:00 hs,Centro de Carga,YRIGOYEN HIPOLITO PTE. 1792
16,-34.52785,-58.50527, 08:00 a 20:00 hs,Centro de Carga,ROSETTI CNEL. 1998
17,-34.5376,-58.47661, 08:00 a 20:00 hs,Centro de Carga,MAIPU AV. 18
18,-34.5376,-58.47661, 08:00 a 20:00 hs,Centro de Carga,MAIPU AV. 18
19,-34.53668,-58.50973, 08:00 a 20:00 hs,Centro de Carga,GRAL. SAN MARTIN 3645
20,-34.5386,-58.51359, 07:00 a 23:00 hs,Centro de Carga,SAN MARTIN JOSE DE GRAL. AV. 3995
21,-34.53729,-58.50385, 08:00 a 20:00 hs,Centro de Carga,ROCA GRAL. 3333
22,-34.58144,-58.88858, 08:00 a 20:00 hs,Centro de Carga,MARIO BUSCHIAZZO 6618
23,-34.63631,-58.85687, 08:00 a 20:00 hs,Centro de Carga,NEMESIO ALVAREZ AV. 1969
24,-34.60557,-58.86316, 08:00 a 20:00 hs,Centro de Carga,ROSSINI 3909
25,-34.63676,-58.85542, 08:00 a 20:00 hs,Centro de Carga,SEMANA DE MAYO 1097
26,-34.57299,-58.86509, 08:00 a 20:00 hs,Centro de Carga,PUERTO DESEADO 6174
27,-34.60886,-58.86869, 08:00 a 20:00 hs,Centro de Carga,JOSE IGNACIO GORRITI 1093
28,-34.58471,-58.8485, 08:00 a 20:00 hs,Centro de Carga,CASTRO ROSALIA DE 4459
29,-34.63542,-58.86065, 08:00 a 20:00 hs,Centro de Carga,SEMANA DE MAYO 1512
30,-34.42217,-58.72678, 07:00 a 23:00 hs,Centro de Carga,MITRE 611
31,-34.4219,-58.73204, 08:00 a 20:00 hs,Centro de Carga,BELGRANO GRL 220
32,-34.42942,-58.74397, 08:00 a 20:00 hs,Centro de Carga,FALCO 1045
33,-34.42295,-58.73414, 08:00 a 20:00 hs,Centro de Carga,BV. PRES. PERON 900
34,-34.42006,-58.72797, 08:00 a 20:00 hs,Centro de Carga,BELGRANO GRL 630
35,-34.42205,-58.73307, 08:00 a 20:00 hs,Centro de Carga,BV. PRES. PERON 1037
36,-34.58624,-58.43895, 08:00 a 20:00 hs,Centro de Carga,FITZ ROY 1440
37,-34.5942,-58.41737, 08:00 a 20:00 hs,Centro de Carga,HONDURAS AV. 3846
38,-34.59185,-58.41534, 08:00 a 20:00 hs,Centro de Carga,PARAGUAY 3602
39,-34.58473,-58.44429, 08:00 a 20:00 hs,Centro de Carga,CORDOBA AV. 5971
40,-34.59479,-58.43108, 08:00 a 20:00 hs,Centro de Carga,SCALABRINI ORTIZ RAUL AV. 1022
41,-34.58624,-58.43895, 08:00 a 20:00 hs,Centro de Carga,FITZ ROY 1440
42,-34.58993,-58.41667, 08:00 a 20:00 hs,Centro de Carga,SALGUERO JERONIMO 1741
43,-34.57705,-58.42964, 08:00 a 20:00 hs,Centro de Carga,SANTA FE AV. 4927
44,-34.57705,-58.42964, 08:00 a 20:00 hs,Centro de Carga,SANTA FE AV. 4927
45,-34.60379,-58.3816, 08:00 a 20:00 hs,Centro de Carga,CIUDAD UNIVESRSITARIA 0
46,-34.59573,-58.40302, 08:00 a 20:00 hs,Centro de Carga,PUEYRREDON AV. 1301
47,-34.58624,-58.43895, 08:00 a 18:00 hs,Centro de Carga,FITZ ROY 1440
48,-34.60379,-58.3816, 08:00 a 20:00 hs,Centro de Carga,DEMO 0
49,-34.58573,-58.41501, 08:00 a 20:00 hs,Centro de Carga,SANTA FE AV. 3593
50,-34.58624,-58.43895, 08:00 a 20:00 hs,Centro de Carga,FITZ ROY 1440
51,-34.58332,-58.40289, 08:00 a 20:00 hs,Centro de Carga,LAS HERAS GRAL. AV. 2933
52,-34.46749,-58.90723, 08:00 a 20:00 hs,Centro de Carga,AU. RUTA NACIONAL 9 0
53,-34.45956,-58.91364, 08:00 a 20:00 hs,Centro de Carga,RIVADAVIA 722
54,-34.4046,-58.77802, 08:00 a 20:00 hs,Centro de Carga,RUTA 8 KM47.2 0
55,-34.4568,-58.91193, 08:00 a 20:00 hs,Centro de Carga,LAGRAVE PEDRO 465
56,-34.45835,-58.9165, 09:00 a 21:00 hs,Centro de Carga,YRIGOYEN HIPOLITO 800
57,-34.46749,-58.90723, 08:00 a 20:00 hs,Centro de Carga,CHAMPAGNAT 1000
58,-34.4605,-58.91484, 08:00 a 20:00 hs,Centro de Carga,SAN MARTIN 800
59,-34.65838,-58.50388, 08:00 a 20:00 hs,Centro de Carga,ARGENTINA 3947
60,-34.43731,-58.89284, 08:00 a 20:00 hs,Centro de Carga,AVENIDA DOCTOR HONORIO PUEYRREDÓN 1820
61,-34.45436,-58.91211, 08:00 a 20:00 hs,Centro de Carga,ESTANISLAO LOPEZ 0
62,-34.45963,-58.9116, 08:00 a 20:00 hs,Centro de Carga,ITUZAINGO 728
63,-34.45086,-58.9065, 08:00 a 20:00 hs,Centro de Carga,TRATADO DE PILAR AV. 275
64,-34.44869,-58.90801, 08:00 a 20:00 hs,Centro de Carga,PARAGUAY 361
65,-34.45696,-58.90957, 08:00 a 20:00 hs,Centro de Carga,CHACABUCO 502
66,-34.67065,-58.39039, 08:00 a 20:00 hs,Centro de Carga,RIVADAVIA BERNARDINO PRES. 902
67,-34.7769,-58.1888, 08:00 a 20:00 hs,Centro de Carga,CALLE 152 3381
68,-34.77654,-58.18884, 08:00 a 20:00 hs,Centro de Carga,LOREA JUAN CARLOS 3350
69,-34.6904,-58.42057, 09:00 a 18:00 hs,Centro de Carga,AV RIVADAVIA 2602
70,-34.70655,-58.40284, 10:00 a 18:00 hs,Centro de Carga,25 DE MAYO 740
71,-34.71138,-58.38599, 09:00 a 18:00 hs,Centro de Carga,SALTA 2021
72,-34.70601,-58.3898, 09:00 a 18:00 hs,Centro de Carga,29 DE SEPTIEMBRE 1828
73,-34.68954,-58.3934, 10:00 a 20:00 hs,Centro de Carga,REMEDIOS DE ESCALADA DE SAN MARTÍN 780
74,-34.70707,-58.38788, 09:00 a 17:30 hs,Centro de Carga,ANATOLE FRANCE 1805
75,-34.74607,-58.24871, 09:00 a 20:00 hs,Centro de Carga,BOLIVIA 499
76,-34.71784,-58.37068, 09:00 a 20:00 hs,Centro de Carga,TUCUMAN 2801
77,-34.69214,-58.38963, 09:00 a 18:00 hs,Centro de Carga,AVENIDA HIPOLITO YRIGOYEN 3112
78,-34.709,-58.38891, 08:00 a 21:00 hs,Centro de Carga,AVENIDA 9 DE JULIO 1256
79,-34.70364,-58.41481, 09:00 a 19:00 hs,Centro de Carga,AVENIDA GENERAL JOSÉ DE SAN MARTÍN 3027
80,-34.6373,-58.52735, 08:00 a 20:00 hs,Centro de Carga,BYNON 6955
81,-34.80838,-58.42725, 08:30 a 19:00 hs,Centro de Carga,LUJAN 2323
82,-34.79326,-58.4315, 09:30 a 19:00 hs,Centro de Carga,LUZURIAGA 309
83,-34.79936,-58.42513, 09:00 a 19:00 hs,Centro de Carga,DOYHENARD 113
84,-34.55179,-58.58804, 08:00 a 21:00 hs,Centro de Carga,162 EL JAZMÍN 5004
85,-34.75872,-58.38145, 10:00 a 19:00 hs,Centro de Carga,CERRITO 1800
86,-34.69598,-58.42426, 08:00 a 19:00 hs,Centro de Carga,TAGLE 2935
87,-34.75622,-58.40564, 08:30 a 19:00 hs,Centro de Carga,FRANCISCO PORTELA 664
88,-34.7619,-58.40017, 08:00 a 21:00 hs,Centro de Carga,JOSÉ IGNACIO GORRITI 226
89,-34.76306,-58.39855, 08:00 a 21:00 hs,Centro de Carga,AVENIDA MEEKS 179
90,-34.7639,-58.40318, 08:00 a 18:00 hs,Centro de Carga,JOSÉ EUSEBIO COLOMBRES 397
91,-34.8096,-58.20967, 09:00 a 20:00 hs,Centro de Carga,CAMINO GRAL. BELGRANO 5408
92,-34.69619,-58.53496, 09:00 a 14:00 hs 16:30 a 19:30 hs,Centro de Carga,CROVARA 2472
93,-34.6967,-58.53583, 08:00 a 19:00 hs,Centro de Carga,AVENIDA INT. ESTEBAN CROVARA 1098
94,-34.70145,-58.50177, 09:00 a 19:00 hs,Centro de Carga,BOULOGNE SUR MER 1717
95,-34.70563,-58.49896, 09:00 a 19:00 hs,Centro de Carga,AUTOPISTA RICHIERI Y BOULOGNE SUR M 1
96,-34.78172,-58.40668, 09:00 a 18:00 hs,Centro de Carga,HIPOLITO YRIGOYEN 10699
97,-34.77713,-58.39539, 08:30 a 19:00 hs,Centro de Carga,SANTA RITA DE ORO 22
98,-34.77757,-58.39224, 08:30 a 19:00 hs,Centro de Carga,AVENIDA EVA PERÓN 450
99,-34.42115,-58.57905, 09:00 a 20:00 hs,Centro de Carga,MITRE-ESTAC. FLUVIAL TIGRE LOCAL 7 305
100,-34.42293,-58.73101, 07:30 a 16:30 hs,Centro de Carga,TTE. GRAL. JUAN DOMINGO PERON 1
101,-34.46995,-58.75823, 08:00 a 13:00 hs 16:00 a 21:00 hs,Centro de Carga,MORENO 1149
102,-34.46784,-58.76521, 09:00 a 19:00 hs,Centro de Carga,SANTA INÉS 1136
103,-34.89244,-58.56647, 09:00 a 19:00 hs,Centro de Carga,CANALE 40
104,-34.65536,-58.50895, 08:00 a 21:00 hs,Centro de Carga,AVDA LISANDRO DE LA TORRE 1688
105,-34.66679,-58.50457, 08:00 a 21:00 hs,Centro de Carga,GUAMINI 2636
106,-34.66001,-58.51398, 08:00 a 21:00 hs,Centro de Carga,AVDA JUAN BAUTISTA ALBERDI 7175
107,-34.66019,-58.50314, 08:00 a 21:00 hs,Centro de Carga,AVDA LISANDRO DE LA TORRE 2201
108,-34.64982,-58.48979, 08:00 a 21:00 hs,Centro de Carga,AVDA DIRECTORIO 4852
109,-34.64756,-58.49813, 08:00 a 21:00 hs,Centro de Carga,AVDA JUAN BAUTISTA ALBERDI 5277
110,-34.65462,-58.50593, 08:00 a 21:00 hs,Centro de Carga,AVDA JUAN BAUTISTA ALBERDI 6227
111,-34.65421,-58.5041, 08:00 a 21:00 hs,Centro de Carga,MURGUIONDO 1677
112,-34.66144,-58.51654, 08:00 a 21:00 hs,Centro de Carga,AVDA JUAN BAUTISTA ALBERDI 7391
113,-34.65219,-58.5159, 08:00 a 21:00 hs,Centro de Carga,AVENIDA EMILIO CASTRO 6877
114,-34.65867,-58.51172, 08:00 a 21:00 hs,Centro de Carga,AVDA JUAN BAUTISTA ALBERDI 6935
115,-34.61297,-58.38195, 08:00 a 21:00 hs,Centro de Carga,AV BELGRANO 1111
116,-34.60972,-58.38821, 08:00 a 21:00 hs,Centro de Carga,HIPÓLITO YRIGOYEN 1546
117,-34.6123,-58.37255, 08:00 a 21:00 hs,Centro de Carga,AV BELGRANO 441
118,-34.61003,-58.38726, 08:00 a 21:00 hs,Centro de Carga,HIPÓLITO YRIGOYEN 1480
119,-34.61382,-58.37608, 08:00 a 21:00 hs,Centro de Carga,CHACABUCO 494
120,-34.61347,-58.38643, 08:00 a 21:00 hs,Centro de Carga,AV  BELGRANO 1426
121,-34.60505,-58.38785, 08:00 a 21:00 hs,Centro de Carga,PARANÁ 319
122,-34.60531,-58.38214, 08:00 a 21:00 hs,Centro de Carga,CERRITO 274
123,-34.60844,-58.39199, 08:00 a 21:00 hs,Centro de Carga,AV CALLAO 63
124,-34.60753,-58.38563, 08:00 a 21:00 hs,Centro de Carga,BARTOLOMÉ MITRE 1347
125,-34.60239,-58.37749, 08:00 a 21:00 hs,Centro de Carga,LAVALLE 752
126,-34.6036,-58.37668, 08:00 a 21:00 hs,Centro de Carga,MAIPU 386
127,-34.60624,-58.37703, 08:00 a 21:00 hs,Centro de Carga,AVDA ROQUE SAENZ PEÑA 748
128,-34.60859,-58.37615, 08:00 a 21:00 hs,Centro de Carga,AVENIDA DE MAYO 689
129,-34.60834,-58.37444, 08:00 a 21:00 hs,Centro de Carga,AVENIDA DE MAYO 560
130,-34.60853,-58.37499, 08:00 a 21:00 hs,Centro de Carga,AV DE MAYO 603
131,-34.60898,-58.37955, 08:00 a 21:00 hs,Centro de Carga,AV DE MAYO 926
132,-34.59841,-58.4367, 08:00 a 21:00 hs,Centro de Carga,JUAN RAMIREZ DE VELAZCO 510
133,-34.60542,-58.43943, 08:00 a 21:00 hs,Centro de Carga,LEOPOLDO MARECHAL 1120
134,-34.59955,-58.4513, 08:00 a 21:00 hs,Centro de Carga,AV. JUAN B JUSTO 3226
135,-34.60382,-58.44481, 08:00 a 21:00 hs,Centro de Carga,CNEL APOLINARIO FIGUEROA 250
136,-34.60344,-58.43478, 08:00 a 21:00 hs,Centro de Carga,ANGEL GALLARDO 172
137,-34.60111,-58.43239, 08:00 a 21:00 hs,Centro de Carga,AGUIRRE 85
138,-34.59916,-58.43954, 08:00 a 21:00 hs,Centro de Carga,AV. CORRIENTES 5279
139,-34.61836,-58.42862, 08:00 a 20:00 hs,Centro de Carga,ROSARIO 6
140,-34.61,-58.44368, 09:30 a 21:30 hs,Centro de Carga,"AV. PUEYRREDON, HONORIO, DR. 892"
141,-34.60881,-58.43726, 00:00 a 00:00 hs,Centro de Carga,AV. DIAZ VELEZ 5000
142,-34.60458,-58.45857, 08:00 a 20:00 hs,Centro de Carga,"AV. JUSTO, JUAN B. 4010"
143,-34.70775,-58.4582, 08:00 a 20:00 hs,Centro de Carga,MOSOTI 1580
144,-34.62021,-58.44138, 06:00 a 21:00 hs,Centro de Carga,ESTACION PRIMERA JUNTA LINEA A  
145,-34.6212,-58.43494, 06:00 a 23:00 hs,Centro de Carga,FORMOSA 487
146,-34.60204,-58.43138, 06:00 a 23:00 hs,Centro de Carga,CORRIENTES 4672
147,-34.61581,-58.45878, 06:00 a 23:00 hs,Centro de Carga,NEUQUEN 1812
148,-34.62065,-58.44178, 06:00 a 23:00 hs,Centro de Carga,AV RIVADAVIA 5451
149,-34.65015,-58.49033, 00:00 a 23:00 hs,Centro de Carga,AV DIRECTORIO 491
150,-34.91236,-58.59508, 08:00 a 20:00 hs,Centro de Carga,SARMIENTO 22
151,-34.85613,-58.50151, 08:00 a 21:00 hs,Centro de Carga,GRAHANBELL 1150  -  CARLOS SPEGAZZI 1150
152,-34.9223,-58.60912, 06:00 a 23:00 hs,Centro de Carga,GHIACHINO 29
153,-34.60804,-58.56212, 06:00 a 20:00 hs,Centro de Carga,AV. LIBERTADOR GRAL. SAN MARTIN 2810
154,-34.60495,-58.56468, 08:00 a 20:00 hs,Centro de Carga,ANDRES FERREIRA 2502
155,-34.60529,-58.56385, 06:00 a 23:00 hs,Centro de Carga,3 DE FEBRERO  2537 2537
156,-34.61184,-58.5644, 06:00 a 23:00 hs,Centro de Carga,TRES DE FEBRERO 3183
157,-34.6504,-58.64175, 00:00 a 00:00 hs,Centro de Carga,"ARIAS, INOCENCIO, GDOR. 2352"
158,-34.80779,-58.27646, 08:00 a 22:00 hs,Centro de Carga,SALLARES 85
159,-34.80649,-58.29625, 08:00 a 20:00 hs,Centro de Carga,AV. 844 2692
160,-34.79044,-58.26299, 08:00 a 20:00 hs,Centro de Carga,AV. SENZABELLO 1560
161,-34.79115,-58.26764, 08:00 a 20:00 hs,Centro de Carga,GABRIELA MISTRAL 2099
162,-34.84556,-58.28118, 08:00 a 20:00 hs,Centro de Carga,PRAGA 1303
163,-34.78074,-58.2626, 08:00 a 20:00 hs,Centro de Carga,CAMINO GENERAL BELGRANO 6499
164,-34.81047,-58.27262, 08:00 a 20:00 hs,Centro de Carga,ALVERDI 3384
165,-34.80762,-58.302, 08:00 a 20:00 hs,Centro de Carga,ZONDA 1668
166,-34.79488,-58.23651, 08:00 a 20:00 hs,Centro de Carga,MONTEVIDEO 429
167,-34.80786,-58.27327, 06:00 a 23:00 hs,Centro de Carga,SALLARES 253
168,-34.79643,-58.27889, 06:00 a 23:00 hs,Centro de Carga,AV.SAN MARTIN 2019
169,-34.75104,-58.47848, 08:00 a 21:00 hs,Centro de Carga,GRAL JUAN FACUNDO QUIROGA 2252
170,-34.84554,-58.23016, 06:00 a 23:00 hs,Centro de Carga,CALLE 966 163
171,-34.80105,-58.23971, 06:00 a 23:00 hs,Centro de Carga,AV TTE. GENERAL JUAN DOMINGO PERÓN 2086
172,-34.78443,-58.17207, 06:00 a 23:00 hs,Centro de Carga,HUGO DEL CARRIL 4563
173,-34.7208,-58.41233, 06:00 a 23:00 hs,Centro de Carga,ALFONSINA STORNI 3624 3624
174,-34.75781,-58.22831, 06:00 a 23:00 hs,Centro de Carga,CALLE 1337 398
175,-34.79243,-58.28794, 06:00 a 23:00 hs,Centro de Carga,DIAGONA HERNAN CORTEZ 8
176,-34.61447,-58.52625, 06:00 a 23:00 hs,Centro de Carga,"AV. BEIRO, FRANCISCO 5389"
177,-34.5958,-58.5362, 06:00 a 23:00 hs,Centro de Carga,ROQUE PEÑA 3562
178,-34.61977,-58.47475, 08:00 a 20:00 hs,Centro de Carga,AV. NAZCA 1172
179,-34.60976,-58.48269, 08:00 a 20:00 hs,Centro de Carga,AV. NAZCA 2160
180,-34.6188,-58.64431, 06:00 a 23:00 hs,Centro de Carga,MALARREDO 443
181,-34.62499,-58.62191, 06:00 a 23:00 hs,Centro de Carga,HUSARES 671
182,-34.63394,-58.61341, 06:00 a 23:00 hs,Centro de Carga,PRESIDENTE PERON 4787
183,-34.63439,-58.57069, 06:00 a 23:00 hs,Centro de Carga,SAENZ PEÑA 1041
184,-34.65998,-58.44228, 09:00 a 21:00 hs,Centro de Carga,LAFUENTE 2851
185,-34.66032,-58.44194, 06:00 a 23:00 hs,Centro de Carga,LAFUENTE 2808
186,-34.63398,-58.38263, 06:00 a 23:00 hs,Centro de Carga,CARRILLO 234
187,-34.65949,-58.44505, 06:00 a 23:00 hs,Centro de Carga,CHILAVERT 3139
188,-34.64079,-58.43962, 06:00 a 23:00 hs,Centro de Carga,ZAÑARTU 1844
189,-34.66087,-58.45136, 06:00 a 23:00 hs,Centro de Carga,JANER 3550
190,-34.61784,-58.51299, 06:00 a 23:00 hs,Centro de Carga,NAMUNCURA 100
191,-34.65553,-58.42853, 06:00 a 23:00 hs,Centro de Carga,TABARE 1940
192,-34.66282,-58.45224, 06:00 a 23:00 hs,Centro de Carga,PLUMERILLO 3700
193,-34.58358,-58.48936, 08:00 a 21:00 hs,Centro de Carga,ECHEVERRIA 5847
194,-34.57335,-58.48764, 05:30 a 23:59 hs,Centro de Carga,AV. TRIUNVIRATO 4846
195,-34.56984,-58.47866, 08:00 a 20:00 hs,Centro de Carga,MONROE 4360
196,-34.56793,-58.47806, 08:00 a 20:00 hs,Centro de Carga,ROOSEVELT FRANKLIN D. 4199
197,-34.74817,-58.41135, 09:00 a 18:00 hs,Centro de Carga,LAS HERAS 1163
198,-34.47849,-58.55217, 09:00 a 18:00 hs,Centro de Carga,ELFLEIN 17 S:F
199,-34.4679,-58.55369, 10:00 a 18:00 hs,Centro de Carga,PADRE ACEVEDO 2240
200,-34.35109,-58.79457, 08:00 a 18:00 hs,Centro de Carga,RIVADAVIA 400
201,-34.35064,-58.79515, 08:00 a 18:00 hs,Centro de Carga,RIVADAVIA 451
202,-34.3483,-58.79224, 08:00 a 18:00 hs,Centro de Carga,ASBORNO 428
203,-34.56728,-58.4371, 09:00 a 14:00 hs 17:00 a 21:00 hs,Centro de Carga,ARCE 940
204,-34.55404,-58.45278, 09:00 a 15:00 hs,Centro de Carga,AV. MONROE 1655
205,-34.56729,-58.4371, 08:00 a 20:00 hs,Centro de Carga,ARCE 940
206,-34.55529,-58.46214, 07:00 a 22:00 hs,Centro de Carga,AV. CONGRESO 2368
207,-34.56515,-58.45476, 09:00 a 18:00 hs,Centro de Carga,LA PAMPA 2451
208,-34.55282,-58.44072, 10:00 a 18:00 hs,Centro de Carga,ECHEVERRÍA 908
209,-34.56515,-58.45476, 09:00 a 18:00 hs,Centro de Carga,LA PAMPA 2451
210,-34.55282,-58.69766, 07:00 a 19:00 hs,Centro de Carga,PTE PERON 111
211,-34.58156,-58.68398, 08:00 a 14:00 hs 17:00 a 23:00 hs,Centro de Carga,SANTA CRUZ 2543
212,-34.55604,-58.6825, 09:00 a 13:00 hs 16:00 a 20:00 hs,Centro de Carga,MISIONES 706
213,-35.05311,-58.76056, 08:00 a 20:00 hs,Centro de Carga,RIVADAVIA 783
214,-35.05852,-58.75453, 06:00 a 14:00 hs,Centro de Carga,LEANDRO N. ALEM 501
215,-35.05908,-58.75482, 09:00 a 18:00 hs,Centro de Carga,LEANDRO N. ALEM 501
216,-35.0587,-58.75398, 09:00 a 18:00 hs,Centro de Carga,LIBERTAD 427
217,-35.05868,-58.75477, 08:00 a 23:00 hs,Centro de Carga,ALEM 630
218,-35.05866,-58.75522, 09:00 a 18:00 hs,Centro de Carga,LIBERTAD 31
219,-35.05953,-58.75563, 08:00 a 16:00 hs,Centro de Carga,ALEM 625
220,-34.59166,-58.44758, 15:00 a 23:00 hs,Centro de Carga,AV CORRIENTES 6201
221,-34.58523,-58.49982, 00:00 a 00:00 hs,Centro de Carga,AV. FEDERICO LACROZE 4171
222,-34.58718,-58.45538, 08:00 a 23:00 hs,Centro de Carga,AV GUZMÁN 702
223,-34.72109,-58.57004, 09:00 a 20:00 hs,Centro de Carga,AV. CRISTIANIA 5872
224,-34.6708,-58.5376, 09:00 a 20:00 hs,Centro de Carga,AV. GUEMEZ 530
225,-34.7219,-58.55393, 10:00 a 19:00 hs,Centro de Carga,LAS FLORES 295
226,-34.7208,-58.56977, 05:00 a 18:00 hs,Centro de Carga,AV. CRISTIANIA 5872
227,-34.68332,-58.50261, 08:00 a 20:00 hs,Centro de Carga,GENERAL PEDERNERA 1108
228,-34.67882,-58.6062, 09:00 a 21:00 hs,Centro de Carga,CORONEL DOMINGUEZ 25
229,-34.57941,-58.53713, 08:00 a 20:00 hs,Centro de Carga,48 MORENO 3879
230,-34.68813,-58.36941, 09:00 a 18:00 hs,Centro de Carga,DE LA SERNA 1421
231,-34.81276,-58.30215, 09:00 a 18:00 hs,Centro de Carga,CALLE 542 1042
232,-34.76102,-58.62181, 05:00 a 20:00 hs,Centro de Carga,SENGUEL 5950
233,-34.78457,-58.62591, 04:00 a 11:00 hs,Centro de Carga,RUTA 3 32000
234,-34.73388,-58.57784, 04:00 a 12:00 hs,Centro de Carga,RUTA 3 KM 24000
235,-34.91382,-58.37684, 08:30 a 20:30 hs,Centro de Carga,JUAN MANUEL DE ROSAS 19806
236,-34.81088,-58.63594, 06:00 a 21:00 hs,Centro de Carga,JUAN MANUEL DE ROSAS 19806
237,-34.76025,-58.61621, 06:00 a 12:00 hs,Centro de Carga,BRIG. GENERAL JUAN MANUEL DE ROSAS 15698
238,-34.80982,-58.63339, 08:00 a 20:00 hs,Centro de Carga,JACINTO ESTIVAO	 2174
239,-34.81017,-58.63629, 00:00 a 00:00 hs,Centro de Carga,RUTA 3 KM 35
240,-34.75982,-58.66066, 00:00 a 00:00 hs,Centro de Carga,ROLDAN 2595
241,-34.76048,-58.61668, 06:00 a 11:00 hs,Centro de Carga,RUTA 3 29000
242,-34.72684,-58.52969, 09:00 a 19:00 hs,Centro de Carga,GUEMES 4155
243,-34.64021,-58.54116, 10:00 a 18:00 hs,Centro de Carga,AV RIVADAVIA 12580
244,-34.54246,-58.47313, 10:00 a 18:00 hs,Centro de Carga,MONROE 3390
245,-34.58577,-58.50087, 10:00 a 18:00 hs,Centro de Carga,AV FEDERICO LACROZE 2476
246,-34.62773,-58.38151, 10:00 a 18:00 hs,Centro de Carga,AV BRASIL 1153
247,-34.49409,-58.63137, 10:00 a 18:00 hs,Centro de Carga,AV PTE M T DE ALVEAR 1539
248,-34.63045,-58.57661, 10:00 a 18:00 hs,Centro de Carga,ING GUILLERMO MARCONI 6595
249,-34.86193,-57.90151, 09:00 a 19:00 hs,Centro de Carga,NTRA SRA DE LA MERCED 110
250,-34.80996,-58.27614, 10:00 a 18:00 hs,Centro de Carga,ESPAÑA 3290
251,-34.77327,-58.26742, 10:00 a 18:00 hs,Centro de Carga,AV CALCHAQUI 6529
252,-34.62872,-58.46436, 10:00 a 18:00 hs,Centro de Carga,GRAL J G DE ARTIGAS 40
253,-34.53194,-58.50005, 10:00 a 18:00 hs,Centro de Carga,AV GRAL SAN MARTIN 2849
254,-34.59614,-58.38709, 10:00 a 18:00 hs,Centro de Carga,URUGUAY 1069
255,-34.60043,-58.38808, 10:00 a 18:00 hs,Centro de Carga,AV PUEYRREDON 1352
256,-34.72635,-58.39563, 10:00 a 18:00 hs,Centro de Carga,AV PTE H YRIGOYEN 6133
257,-34.59875,-58.37628, 09:00 a 19:00 hs,Centro de Carga,AV CORDOBA 663
258,-34.59525,-58.38064, 10:00 a 18:00 hs,Centro de Carga,AV SANTA FE 945
259,-34.59239,-58.37587, 10:00 a 18:00 hs,Centro de Carga,AV DEL LIBERTADOR 132
260,-34.58068,-58.37437, 09:00 a 16:00 hs,Centro de Carga,AV ANTARTIDA ARGENTINA 1900
261,-34.55552,-58.48582, 10:00 a 18:00 hs,Centro de Carga,PLAZA 3855
262,-34.94158,-57.98931, 09:00 a 17:00 hs,Centro de Carga,AV 44 2231
263,-34.587,-58.39893, 10:00 a 18:00 hs,Centro de Carga,AV SAN JUAN 3001
264,-34.43783,-58.56077, 10:00 a 18:00 hs,Centro de Carga,CONSTITUCION 555
265,-34.77863,-58.31443, 10:00 a 18:00 hs,Centro de Carga,CALLE 897 4115
266,-34.45318,-58.65014, 08:00 a 21:00 hs,Centro de Carga,AV DE LOS CONSTITUYENTES 1210
267,-34.45894,-58.63173, 08:00 a 21:00 hs,Centro de Carga,AVENIDA HIPÓLITO YRIGOYEN 690
268,-34.60869,-58.94924, 08:00 a 21:00 hs,Centro de Carga,PELLEGRINI 1054
269,-34.6057,-58.9538, 08:00 a 21:00 hs,Centro de Carga,ESPAÑA 288
270,-34.59904,-58.94995, 08:00 a 21:00 hs,Centro de Carga,INT. WHELAN 1289 1289
271,-34.57277,-58.54425, 08:00 a 21:00 hs,Centro de Carga,SAN LORENZO 2612
272,-34.57725,-58.53876, 08:00 a 21:00 hs,Centro de Carga,MITRE 3815
273,-34.48822,-58.73883, 08:00 a 21:00 hs,Centro de Carga,CURA BROCHERO 1834
274,-34.7402,-58.60713, 08:00 a 21:00 hs,Centro de Carga,SALVIGNI 4498
275,-34.7459,-58.579, 08:00 a 21:00 hs,Centro de Carga,PAREJA 2413
276,-34.73386,-58.5865, 08:00 a 21:00 hs,Centro de Carga,SOLDADO SOSA 5299
277,-34.7426,-58.6198, 08:00 a 21:00 hs,Centro de Carga,LEONARDO DA VINCI 3910
278,-34.73726,-58.60178, 08:00 a 21:00 hs,Centro de Carga,AV LURO 4501
279,-34.73301,-58.6073, 08:00 a 21:00 hs,Centro de Carga,AVENIDA LURO 3946
280,-34.72333,-58.59934, 08:00 a 21:00 hs,Centro de Carga,SOLDADO SOSA 3654
281,-34.91982,-58.39033, 08:00 a 21:00 hs,Centro de Carga,JUAN BAUTISTA ALBERDI 57
282,-34.91853,-58.38109, 08:00 a 21:00 hs,Centro de Carga,RUCCI 189
283,-34.79629,-58.16997, 08:00 a 21:00 hs,Centro de Carga,CALLE 55 5046
284,-34.8338,-58.47474, 08:00 a 21:00 hs,Centro de Carga,RAMON SANTAMARINA 1106
285,-34.80931,-58.45788, 08:00 a 21:00 hs,Centro de Carga,SALTA 95
286,-34.64796,-58.7896, 08:00 a 21:00 hs,Centro de Carga,MERLO 2817
287,-34.6525,-58.7912, 08:00 a 21:00 hs,Centro de Carga,DR EUGENIO ASCONAPE 171
288,-34.65777,-58.80773, 08:00 a 21:00 hs,Centro de Carga,AV. HIPOLITO YRIGOYEN 2035
289,-34.61713,-58.77176, 08:00 a 21:00 hs,Centro de Carga,AV  LIBERTADOR 3437
290,-34.50943,-58.51421, 08:00 a 21:00 hs,Centro de Carga,UZAL 3903
291,-34.52759,-58.5055, 08:00 a 21:00 hs,Centro de Carga,ROSETTI 2008
292,-34.51458,-58.51631, 08:00 a 21:00 hs,Centro de Carga,SAN LORENZO 3802
293,-34.50786,-58.49242, 08:00 a 21:00 hs,Centro de Carga,AV. MAIPU 3056
294,-34.50574,-58.4935, 08:00 a 21:00 hs,Centro de Carga,AV MAIPÚ 3276
295,-34.4971,-58.4897, 08:00 a 21:00 hs,Centro de Carga,GUILLERMO RAWSON 3806
296,-34.5216,-58.5066, 08:00 a 21:00 hs,Centro de Carga,GDOR UGARTE 3099
297,-34.51842,-58.50039, 08:00 a 21:00 hs,Centro de Carga,UGARTE 2419
298,-34.5117,-58.49068, 08:00 a 21:00 hs,Centro de Carga,R GUTIERREZ 1525
299,-34.51795,-58.51336, 08:00 a 21:00 hs,Centro de Carga,PELLIZA 3747
300,-34.51062,-58.48828, 08:00 a 21:00 hs,Centro de Carga,RICARDO GUTIERREZ 1304
301,-34.5162,-58.49556, 08:00 a 21:00 hs,Centro de Carga,GDOR. UGARTE 2017
302,-34.56036,-58.56721, 08:00 a 21:00 hs,Centro de Carga,9 DE JULIO 508
303,-34.55045,-58.55495, 08:00 a 21:00 hs,Centro de Carga,CALLE 114 2803
304,-34.55099,-58.55661, 08:00 a 21:00 hs,Centro de Carga,CALLE 116 2913
305,-34.53313,-58.55529, 08:00 a 21:00 hs,Centro de Carga,QUINTANA 6016
306,-34.69745,-58.32565, 08:00 a 21:00 hs,Centro de Carga,AVENIDA BARTOLOMÉ MITRE 5456
307,-34.68748,-58.50075, 08:00 a 21:00 hs,Centro de Carga,PEDRO DE MENDOZA 1520
308,-34.69874,-58.5057, 08:00 a 21:00 hs,Centro de Carga,BOULOGNE SUR MER 1418
309,-34.69391,-58.48462, 08:00 a 21:00 hs,Centro de Carga,CHILAVERT 1619
310,-34.69294,-58.48576, 08:00 a 21:00 hs,Centro de Carga,BARROS PAZOS 1610
311,-34.6914,-58.4819, 08:00 a 21:00 hs,Centro de Carga,CHILAVERT 1987
312,-34.6831,-58.503, 08:00 a 21:00 hs,Centro de Carga,CNEL DOMINGUEZ 683
313,-34.70007,-58.50373, 08:00 a 21:00 hs,Centro de Carga,BOULOGNE SUR MER 1620
314,-34.68516,-58.49252, 08:00 a 21:00 hs,Centro de Carga,AV. VELEZ SARFIELD 1414
315,-34.69581,-58.4907, 08:00 a 21:00 hs,Centro de Carga,OLAVARRIA 2202
316,-34.6947,-58.50873, 08:00 a 21:00 hs,Centro de Carga,GRAL PAUNERO 12
317,-34.68386,-58.5172, 08:00 a 21:00 hs,Centro de Carga,AV SAN MARTIN 5270
318,-34.69034,-58.50843, 08:00 a 21:00 hs,Centro de Carga,PEDERNERA 46
319,-34.70933,-58.59749, 08:00 a 21:00 hs,Centro de Carga,BERNARDO CASTAÑON 3088
320,-34.72458,-58.58379, 08:00 a 21:00 hs,Centro de Carga,TOMÁS A. EDISON 4969
321,-34.64277,-58.70244, 08:30 a 23:00 hs,Centro de Carga,PROFESOR CARLOS BAGNAT 3103
322,-34.64662,-58.69198, 09:00 a 21:00 hs,Centro de Carga,GRECIA 1978
323,-34.64198,-58.70892, 08:45 a 13:00 hs 15:30 a 20:30 hs,Centro de Carga,ALMAGRO 3484
324,-34.65978,-58.69702, 08:00 a 23:59 hs,Centro de Carga,POSTA DE PARDO 3263
325,-34.63412,-58.6847, 09:00 a 23:00 hs,Centro de Carga,PEDRO ZANNI 832
326,-34.61687,-58.70594, 07:00 a 21:00 hs,Centro de Carga,MARTIN FIERRO 4306
327,-34.62941,-58.68914, 08:00 a 21:00 hs,Centro de Carga,JOSE MARIA PAZ 2961
328,-34.64116,-58.67052, 08:00 a 20:00 hs,Centro de Carga,ORIBE 904
329,-34.51902,-58.79028, 08:00 a 22:00 hs,Centro de Carga,AV. CROACIA 1426
330,-34.50655,-58.7611, 06:00 a 23:59 hs,Centro de Carga,FLORIDA 1543
331,-34.51368,-58.73973, 09:00 a 20:00 hs,Centro de Carga,HIPOLITO YRIGOYEN 615
332,-34.51852,-58.75134, 09:00 a 20:00 hs,Centro de Carga,HIPOLITO YRIGOYEN 1651
333,-34.53777,-58.79484, 08:00 a 20:00 hs,Centro de Carga,FRAY ANTONIO MARCHENA 6226
334,-34.52492,-58.76522, 09:00 a 16:00 hs,Centro de Carga,HIPOLITO YRIGOYEN 3201
335,-34.51827,-58.75011, 09:00 a 21:00 hs,Centro de Carga,LEANDRO N. ALEM 5196
336,-34.51764,-58.75151, 07:00 a 21:00 hs,Centro de Carga,PRES. RIVADAVIA 100
337,-34.5479,-58.77021, 08:00 a 23:00 hs,Centro de Carga,MAESTRO EDUARDO FERREYRA 4443
338,-34.67597,-58.40225, 09:00 a 23:00 hs,Centro de Carga,OLIDEN 685
339,-34.48899,-58.70484, 07:00 a 23:00 hs,Centro de Carga,EJERCITO DE LOS ANDES 2640
340,-34.52453,-58.73059, 07:00 a 20:00 hs,Centro de Carga,RENE FAVALORE 3707
341,-34.54569,-58.75514, 08:00 a 20:00 hs,Centro de Carga,ANGEL GALLARADO 3766
342,-34.52734,-58.77192, 08:00 a 23:00 hs,Centro de Carga,HIPOLITO YRIGOYEN 3700
343,-34.52268,-58.7529, 08:00 a 20:00 hs,Centro de Carga,ROQUE S PEÑA 5020
344,-34.50031,-58.78533, 08:00 a 23:00 hs,Centro de Carga,CHACABUCO 2800
345,-34.52147,-58.80931, 09:00 a 21:00 hs,Centro de Carga,CARLOS SAAVEDRA LAMAS 2281
346,-34.51684,-58.74119, 09:00 a 19:00 hs 15:30 a 21:00 hs,Centro de Carga,RENÉ FAVALORO 4735
347,-34.51667,-58.79839, 07:00 a 23:00 hs,Centro de Carga,MANZANA 50 CASA 9 BARRIO FAVAROLO  
348,-34.50413,-58.74934, 09:00 a 22:00 hs,Centro de Carga,OLIDEN 1252
349,-34.5126,-58.76341, 08:00 a 20:00 hs,Centro de Carga,JOSÉ L. BUSTAMANTE 1155
350,-34.51637,-58.74124, 08:00 a 22:00 hs,Centro de Carga,RENE FAVALORO(EX-MUÑOZ) 4750
351,-34.52671,-58.73332, 08:00 a 20:00 hs,Centro de Carga,AV PRESIDENTE PERON 3727
352,-34.52262,-58.75319, 00:00 a 23:59 hs,Centro de Carga,ALTUBE 2021
353,-34.54022,-58.77351, 09:00 a 23:00 hs,Centro de Carga,EL ZONDA 5135
354,-34.52206,-58.75134, 08:00 a 20:00 hs,Centro de Carga,AV ALTUBE 1851
355,-34.5056,-58.76194, 08:00 a 20:00 hs,Centro de Carga,FLORIDA 1636
356,-34.70762,-58.3509, 09:00 a 21:00 hs 16:00 a 20:00 hs,Centro de Carga,CAMPICHUELO 4665
357,-34.69924,-58.49345, 09:00 a 23:00 hs,Centro de Carga,UNANUE 460
358,-34.69614,-58.49046, 09:00 a 21:00 hs,Centro de Carga,UNANUE 1089
359,-34.6855,-58.50445, 08:00 a 23:00 hs,Centro de Carga,GRAL. PEDERNERA 890
360,-34.68965,-58.49323, 08:00 a 23:00 hs,Centro de Carga,DOMINGO MILLAN 1428
361,-34.69702,-58.48199, 08:00 a 20:00 hs,Centro de Carga,OLAVARRÍA 2900
362,-34.70406,-58.48662, 08:00 a 20:00 hs,Centro de Carga,ANTOFAGASTA 1111
363,-34.68564,-58.50908, 09:00 a 21:00 hs,Centro de Carga,JUNIN 430
364,-34.70161,-58.47121, 05:00 a 23:30 hs,Centro de Carga,PUNTA LARA 565
365,-34.69833,-58.50162, 09:00 a 13:00 hs 17:00 a 21:00 hs,Centro de Carga,CALLAO 1962
366,-34.69305,-58.50119, 08:00 a 20:00 hs,Centro de Carga,VELEZ SARFIELD 400
367,-34.92673,-57.91936, 08:00 a 20:30 hs,Centro de Carga,CALLE 74 301
368,-34.94097,-57.90387, 10:00 a 21:00 hs,Centro de Carga,CALLE 92 409
369,-34.93539,-57.87888, 09:00 a 20:00 hs,Centro de Carga,RUTA11 750
370,-34.94546,-57.92018, 09:00 a 21:00 hs,Centro de Carga,CALLE 11 ENTRE 84 Y 85 B*MONASTERIO MZNA T
371,-34.63056,-58.66481, 09:00 a 21:00 hs,Centro de Carga,GDOR. GUILLERMO UDAONDO 804
372,-34.76392,-58.29671, 06:30 a 23:30 hs,Centro de Carga,ABRAHAM MENDELEVICH 696
373,-34.67317,-58.46083, 05:00 a 23:30 hs 08:00 a 10:30 hs,Centro de Carga,MARTINIANO CHILAVERT 0
374,-34.68306,-58.48118, 09:00 a 14:00 hs 16:00 a 21:00 hs,Centro de Carga,DELLEPIANE ESTE 6500
375,-34.67335,-58.46474, 09:00 a 22:00 hs,Centro de Carga,BARRIO VILLA 15 MANZANA 30 123
376,-34.67917,-58.47924, 14:00 a 23:59 hs,Centro de Carga,DELLEPIENE ESTE 6134
377,-34.67444,-58.49147, 08:00 a 22:00 hs,Centro de Carga,AV PIEDRAMUNDO 3506
378,-34.64852,-58.44124, 08:00 a 23:00 hs,Centro de Carga,VILLA 1.11.14 MZ 20 CASA 10 S/N
379,-34.67183,-58.48639, 09:00 a 21:00 hs,Centro de Carga,CRISOSTOMO ALVAREZ 5929
380,-34.6762,-58.47433, 08:30 a 22:30 hs,Centro de Carga,AVENIDA RIESTRA 5587
381,-34.67737,-58.46563, 10:00 a 22:00 hs,Centro de Carga,CORONEL MARTINIANO CHILAVERT 0
382,-34.66853,-58.49001, 09:00 a 22:00 hs,Centro de Carga,JOSE IGNACIO RUCCI 3109
383,-34.66886,-58.49199, 08:00 a 21:00 hs,Centro de Carga,PUEYRREDON 19
384,-34.67894,-58.46916, 07:00 a 23:00 hs,Centro de Carga,LARRAZABAL 4326
385,-34.08027,-59.58759, 08:00 a 13:00 hs 16:30 a 21:00 hs,Centro de Carga,MOISES LINTRIDIS 508	
386,-34.11766,-59.03625, 08:30 a 21:00 hs,Centro de Carga,CALLE 4 1520
387,-34.09641,-59.03463, 08:00 a 22:00 hs,Centro de Carga,DE LA TORRE 1600
388,-34.09313,-59.02683, 08:00 a 21:00 hs,Centro de Carga,FELIX PAGOLA 315
389,-34.10848,-59.06147, 08:00 a 21:00 hs,Centro de Carga,GUEMES 4371
390,-34.09765,-59.02197, 08:00 a 22:00 hs,Centro de Carga,19 DE MARZO 338
391,-34.10917,-59.0208, 08:00 a 22:00 hs,Centro de Carga,LAVALLE 7301
392,-34.67505,-58.47778, 00:00 a 23:59 hs,Centro de Carga,DELLEPIANE 5708
393,-34.69706,-58.46916, 00:00 a 23:59 hs,Centro de Carga,AVENIDA CNEL. ROCA 6883
394,-34.67374,-58.46993, 00:00 a 23:59 hs,Centro de Carga,POLA 3911
395,-34.68746,-58.4772, 00:00 a 23:59 hs,Centro de Carga,GUAMINI 4931
396,-34.688,-58.47599, 00:00 a 23:59 hs,Centro de Carga,FERNANDEZ DE LA CRUZ 6575
397,-34.63701,-58.49646, 00:00 a 23:59 hs,Centro de Carga,AV. RIVADAVIA 9393
398,-34.63032,-58.51042, 00:00 a 23:59 hs,Centro de Carga,AGUSTIN GARCÍA 5631 502
399,-34.63515,-58.48739, 00:00 a 23:59 hs,Centro de Carga,AV RIVADAVIA 8773
400,-34.64411,-58.49375, 00:00 a 23:59 hs,Centro de Carga,ALBERDI 4805
401,-34.5491,-58.49972, 00:00 a 23:59 hs,Centro de Carga,MITRE 4269
402,-34.58775,-58.52099, 00:00 a 23:59 hs,Centro de Carga,REPUBLICA DEL LIBANO 4398
403,-34.55925,-58.51817, 08:00 a 23:00 hs,Centro de Carga,AVENIDA DE LOS CONSTITUYENTES 897
404,-34.5481,-58.50485, 00:00 a 23:59 hs,Centro de Carga,LAPRIDA 3715
405,-34.55216,-58.51292, 00:00 a 23:59 hs,Centro de Carga,LAPRIDA 4598
406,-34.54848,-58.50027, 00:00 a 23:59 hs,Centro de Carga,AV. MITRE 87
407,-34.54952,-58.5078, 00:00 a 23:59 hs,Centro de Carga,URUGUAY 310
408,-34.58041,-58.4749, 00:00 a 23:59 hs,Centro de Carga,TRIUNVIRATO 3819
409,-34.58079,-58.47477, 00:00 a 23:59 hs,Centro de Carga,AVENIDA TRIUNVIRATO 3791
410,-34.58225,-58.47343, 00:00 a 23:59 hs,Centro de Carga,COMBATIENTE DE MALVINAS 3269
411,-34.78227,-58.17072, 05:00 a 21:00 hs,Centro de Carga,DIAG. LISANDRO DE LA TORRE 4400
412,-34.70877,-58.73088, 05:00 a 21:00 hs,Centro de Carga,GABRIELA MISTRAL 3300
413,-34.72399,-58.26071, 05:00 a 21:00 hs,Centro de Carga,GABOTO E/RIVADAVIA Y L. N. ALEM  
414,-34.79619,-58.36036, 05:00 a 21:00 hs,Centro de Carga,RAFAEL CALZADA 1800
415,-34.69969,-58.62627, 05:00 a 21:00 hs,Centro de Carga,SANTA CRUZ 799
416,-34.79244,-58.20433, 05:00 a 21:00 hs,Centro de Carga,AV. DR.A. SABIN 1200
417,-34.72692,-58.39421, 05:00 a 21:00 hs,Centro de Carga,HIPOLITO YRIGOYEN 6200
418,-34.88127,-57.996, 05:00 a 21:00 hs,Centro de Carga,CALLE 7 2300
419,-34.67421,-58.55532, 08:00 a 20:00 hs,Centro de Carga,ZAPIOLA 3100
420,-34.68398,-58.3362, 05:00 a 21:00 hs,Centro de Carga,EMILE ZOLA 100
421,-34.80719,-58.21279, 05:00 a 21:00 hs,Centro de Carga,AV. DR.A. SABIN 120
422,-34.70241,-58.51166, 05:00 a 21:00 hs,Centro de Carga,LOS NOGALES 1399
423,-34.7105,-58.50622, 05:00 a 21:00 hs,Centro de Carga,LOS NOGALES Y GORRITI  
424,-34.77815,-58.39705, 05:00 a 21:00 hs,Centro de Carga,AV. MEEKS 1400
425,-34.89097,-57.96816, 05:00 a 21:00 hs,Centro de Carga,AV. 1 Y CALLE 528  
426,-34.88941,-58.5673, 05:00 a 21:00 hs,Centro de Carga,RUTA NAC. 205 ESQ. GADDINI  
427,-34.7953,-58.40793, 05:00 a 21:00 hs,Centro de Carga,SANTA MARIA 300
428,-34.79338,-58.35991, 08:00 a 15:30 hs,Centro de Carga,AV.SAN MARTIN 3149
429,-34.79338,-58.35991, 08:00 a 15:30 hs,Centro de Carga,AV.SAN MARTIN 3149
430,-34.56877,-58.47997, 06:00 a 20:00 hs,Centro de Carga,ROOSEVELT 4300
431,-34.45077,-58.5505, 08:00 a 20:00 hs,Centro de Carga,GARCIA MANSILLA 2200
432,-34.57852,-58.65644, 05:00 a 21:00 hs,Centro de Carga,GUTENBERG  Y A. ARGUIBEL 1899
433,-34.09704,-59.03671, 06:00 a 20:00 hs,Centro de Carga,AVENIDA ANTA 400
434,-34.60887,-58.40591, 09:00 a 16:00 hs,Centro de Carga,BARTOLOME MITRE 2800
435,-34.60887,-58.40591, 00:00 a 23:59 hs,Centro de Carga,BARTOLOME MITRE 2800
436,-34.63037,-58.59001, 00:01 a 23:59 hs,Centro de Carga,ROSALES 1906
437,-34.58114,-58.4218, 00:00 a 23:59 hs,Centro de Carga,SANTA FE 4210
438,-34.57345,-58.43834, 00:00 a 23:59 hs,Centro de Carga,AVENIDA CABILDO 109
439,-34.59435,-58.42991, 00:00 a 23:59 hs,Centro de Carga,CORDOBA 4587
440,-34.5869,-58.41085, 00:00 a 23:59 hs,Centro de Carga,BULNES 2158
441,-34.59799,-58.4119, 00:00 a 23:59 hs,Centro de Carga,AV CORDOBA 4841
442,-34.58521,-58.4161, 00:00 a 23:59 hs,Centro de Carga,AVENIDA SCALABRINI ORTIZ 2489
443,-34.58397,-58.41278, 00:00 a 23:59 hs,Centro de Carga,JUNCAL 3528
444,-34.579,-58.42411, 08:00 a 18:00 hs,Centro de Carga,FRAY JUSTO SANTAMARÍA DE ORO 2518
445,-34.63879,-58.4152, 00:00 a 23:59 hs,Centro de Carga,RODRIGUEZ PEÑA 1075
446,-34.5808,-58.39785, 00:01 a 23:59 hs,Centro de Carga,AV. FIGUEROA ALCORTA 2977 2977
447,-34.57718,-58.41369, 00:00 a 23:59 hs,Centro de Carga,FRANCISCO SEGUI 3980
448,-34.57822,-58.4264, 00:01 a 23:59 hs,Centro de Carga,AV SANTA FE 4602
449,-34.58998,-58.41342, 00:00 a 23:59 hs,Centro de Carga,BULNES 1846
450,-34.58089,-58.41367, 00:00 a 23:59 hs,Centro de Carga,REPUBLICA ARABE SIRIA 2990
451,-34.59142,-58.43444, 00:00 a 23:59 hs,Centro de Carga,AV. CÓRDOBA 5012
452,-34.58372,-58.41819, 00:00 a 23:59 hs,Centro de Carga,AV. SANTA FE 3888
453,-34.59708,-58.42474, 00:00 a 23:59 hs,Centro de Carga,AV. CÓRDOBA 2525
454,-34.59708,-58.42474, 00:00 a 23:59 hs,Centro de Carga,AV. CÓRDOBA 4093
455,-34.59671,-58.41656, 00:00 a 23:59 hs,Centro de Carga,CABRERA 3576
456,-34.58508,-58.43706, 00:00 a 23:59 hs,Centro de Carga,GORRITI 5600
457,-34.58222,-58.40447, 00:00 a 23:59 hs,Centro de Carga,ORTIZ DE CAMPO 2672
458,-34.63391,-58.43277, 00:01 a 23:59 hs,Centro de Carga,AVENIDA JOSÉ MARÍA MORENO 1295
459,-34.63753,-58.40927, 00:00 a 23:59 hs,Centro de Carga,CASEROS 3205
460,-34.63579,-58.39861, 00:00 a 23:59 hs,Centro de Carga,CASEROS 2571
461,-34.63707,-58.40695, 00:01 a 23:59 hs,Centro de Carga,AV CASEROS 3067
462,-34.6359,-58.40571, 00:00 a 00:00 hs,Centro de Carga,LA RIOJA 2100
463,-34.63919,-58.40515, 00:00 a 23:59 hs,Centro de Carga,MONTEAGUDO 172
464,-34.66142,-58.767, 00:00 a 23:59 hs,Centro de Carga,JOLY 2832
465,-34.45724,-58.89298, 08:00 a 23:00 hs,Centro de Carga,"LAGOMARSINO,  LOCAL 6 905"
466,-34.46428,-58.90996, 08:00 a 23:00 hs,Centro de Carga,MARQUEZ 1102
467,-34.46637,-58.91516, 08:00 a 23:00 hs,Centro de Carga,AV V. CASTRO 1039
468,-34.58888,-58.63197, 00:01 a 23:59 hs,Centro de Carga,LAS MADRESELVAS 889
469,-34.6454,-58.91324, 00:01 a 23:59 hs,Centro de Carga,RIVADAVIA 460
470,-34.80637,-58.40631, 00:01 a 23:59 hs,Centro de Carga,KM 50  
471,-34.44498,-58.90309, 00:01 a 23:59 hs,Centro de Carga,DOCTOR PENNA 419
472,-34.66984,-58.38074, 00:00 a 23:59 hs,Centro de Carga,LOLA MORA 427
473,-34.70283,-58.61899, 00:00 a 23:59 hs,Centro de Carga,CARLOS CASARES R CASTILLO 1209
474,-34.50055,-58.54469, 00:00 a 23:59 hs,Centro de Carga,THAMES 197
475,-34.47234,-58.51462, 00:00 a 23:59 hs,Centro de Carga,AV. CENTENARIO 248
476,-34.67153,-58.56325, 00:00 a 23:59 hs,Centro de Carga,PERON 2612
477,-34.67673,-58.56105, 00:00 a 23:59 hs,Centro de Carga,VILLEGAS 2377
478,-34.67587,-58.56206, 00:00 a 23:59 hs,Centro de Carga,"SALTA,  SAN JUSTO 2369"
479,-34.6908,-58.5536, 00:00 a 23:59 hs,Centro de Carga,AVENIDA CAMINO DE CINTURA 3352
480,-34.67747,-58.56212, 00:01 a 23:59 hs,Centro de Carga,AVENIDA DOCTOR IGNACIO ARIETA 2986
481,-34.68184,-58.55463, 00:01 a 23:59 hs,Centro de Carga,ALMAFUERTE 3589
482,-34.67931,-58.56247, 00:01 a 23:59 hs,Centro de Carga,YRIGOYEN 2699
483,-34.67782,-58.56069, 00:01 a 23:59 hs,Centro de Carga,PRES. HIPOLITO YRIGOYEN 2482
484,-34.69063,-58.55342, 00:01 a 23:59 hs,Centro de Carga,AV CAMINO DE CINTURA 4295
485,-34.67574,-58.56438, 00:01 a 23:59 hs,Centro de Carga,AV PRES. DOCTOR ARTURO U. ILLIA 252
486,-34.67687,-58.56299, 00:01 a 23:59 hs,Centro de Carga,AV DOCTOR IGNACIO ARIETA 2910
487,-34.66792,-58.56819, 00:00 a 23:59 hs,Centro de Carga,PRES. JUAN DOMINGO PERÓN 2145
488,-34.54097,-58.71312, 00:00 a 23:59 hs,Centro de Carga,CONCEJAL TRIBULATO 1160
489,-34.54951,-58.70211, 00:00 a 23:59 hs,Centro de Carga,PERÓN 630
490,-34.5428,-58.71475, 00:01 a 23:59 hs,Centro de Carga,LEANDRO N. ALEM 1686
491,-34.54127,-58.71352, 00:00 a 23:59 hs,Centro de Carga,CONCEJAL TRIBULATO1205 197
492,-34.54092,-58.71311, 00:01 a 23:59 hs,Centro de Carga,CONCEJAL TRIBULATO 1149
493,-34.54509,-58.71527, 00:01 a 23:59 hs,Centro de Carga,FARIAS 1590
494,-34.53121,-58.72153, 00:01 a 23:59 hs,Centro de Carga,AV.PRIMERA JUNTA 897
495,-34.54375,-58.71534, 00:00 a 23:59 hs,Centro de Carga,FRAGA 1671
496,-34.60068,-58.37674, 09:00 a 18:00 hs,Centro de Carga,MAIPU 611
497,-34.60273,-58.37112, 08:00 a 21:00 hs,Centro de Carga,25 DE MAYO 430
498,-34.66868,-58.72476, 08:00 a 23:00 hs,Centro de Carga,MAIPU 501
499,-34.60086,-58.373, 00:00 a 23:59 hs,Centro de Carga,TUCUMÁN 431
500,-34.60476,-58.38506, 00:00 a 23:59 hs,Centro de Carga,TALCAHUANO 331
501,-34.60123,-58.37819, 08:00 a 23:00 hs,Centro de Carga,ESMERALDA 600
502,-34.63625,-58.502, 08:00 a 20:00 hs,Centro de Carga,YERBAL Y MOLIERE  
503,-34.58938,-58.48407, 00:00 a 23:59 hs,Centro de Carga,AV. CONSTITUYENTES 3470
504,-34.61084,-58.42114, 00:00 a 23:59 hs,Centro de Carga,AV. MEDRANO 44
505,-34.59773,-58.4216, 00:00 a 23:59 hs,Centro de Carga,CORRIENTES 3516
506,-38.01712,-57.53001, 00:00 a 23:59 hs,Centro de Carga,GASCON 387
507,-34.60846,-58.41939, 00:00 a 23:59 hs,Centro de Carga,AV. DIAZ VELEZ 3760
508,-34.5886,-58.39582, 00:00 a 23:59 hs,Centro de Carga,AVENIDA GRAL. LAS HERAS 2196
509,-34.61151,-58.41829, 00:00 a 23:59 hs,Centro de Carga,BOEDO 33
510,-34.62018,-58.41656, 00:00 a 23:59 hs,Centro de Carga,BOEDO 632
511,-34.70993,-58.6376, 09:00 a 23:00 hs,Centro de Carga,EL PONCHO 3186
512,-34.7126,-58.62816, 07:00 a 22:00 hs,Centro de Carga,ESTANISLAO DEL CAMPO 1505
513,-34.70972,-58.62407, 09:00 a 21:00 hs,Centro de Carga,JOSÉ BERNALDES POLLEDO 2693
514,-34.69569,-58.62826, 07:00 a 23:00 hs,Centro de Carga,CARLOS CASARES 398
515,-34.71165,-58.62697, 08:00 a 22:00 hs,Centro de Carga,JOSÉ BERNALDES POLLEDO 2692
516,-34.70462,-58.62087, 06:00 a 22:00 hs,Centro de Carga,SANTA ROSA 1631
517,-34.72549,-58.62283, 07:00 a 22:00 hs,Centro de Carga,VENTURA YANZI 3529
518,-34.70787,-58.62544, 07:00 a 23:00 hs,Centro de Carga,LUIS MARÍA DRAGO 2708
519,-34.71329,-58.61246, 08:00 a 21:00 hs,Centro de Carga,HUALFIN 2004
520,-34.69814,-58.63446, 08:30 a 23:59 hs,Centro de Carga,EL ÑANDU 95
521,-34.70101,-58.63757, 08:30 a 22:00 hs,Centro de Carga,CNEL. MONTT 64
522,-34.68942,-58.62204, 08:00 a 22:00 hs,Centro de Carga,JORGE DE KAY 630
523,-34.65109,-58.53376, 10:00 a 22:00 hs,Centro de Carga,AV. DIAZ VELEZ 1219
524,-34.7837,-58.18682, 08:00 a 23:00 hs,Centro de Carga,38 4970
525,-34.59295,-58.40977, 09:00 a 21:30 hs,Centro de Carga,GALLO 1487
526,-34.59466,-58.40915, 08:00 a 20:00 hs,Centro de Carga,AGUERO 1284
527,-34.72711,-58.39677, 09:00 a 21:00 hs,Centro de Carga,JUAN DE GARAY 88
528,-34.72721,-58.39602, 08:00 a 20:00 hs,Centro de Carga,JUAN DE GARAY 23
529,-34.71212,-58.41359, 08:00 a 21:00 hs,Centro de Carga,BALCARCE 3496
530,-34.72689,-58.39894, 07:00 a 21:30 hs,Centro de Carga,AVENIDA ROSALES 758
531,-34.58425,-58.37553, 09:00 a 21:00 hs,Centro de Carga,CARLOS H. PERETTE S/N
532,-34.58359,-58.37758, 09:00 a 21:00 hs,Centro de Carga,CALLE 7 1000
533,-34.89489,-57.98766, 08:00 a 22:00 hs,Centro de Carga,520 1700
534,-34.89045,-57.98296, 08:30 a 13:00 hs 15:30 a 21:00 hs,Centro de Carga,CALLE 520 1239
535,-35.278,-59.22454, 08:30 a 13:00 hs 16:00 a 20:30 hs,Centro de Carga,CALLE 3 672
536,-34.44442,-59.44659, 04:00 a 23:59 hs,Centro de Carga,25 DE MAYO 758
537,-34.6808,-58.68795, 09:00 a 22:00 hs,Centro de Carga,LA PORTEÑA 2340
538,-34.66597,-58.69961, 00:00 a 23:59 hs,Centro de Carga,AV.JUAN D.PERON 23896
539,-34.67839,-58.70141, 07:00 a 23:00 hs,Centro de Carga,GARIBALDI S/N
540,-34.95092,-57.99316, 09:00 a 21:00 hs,Centro de Carga,CALLE 147 780
541,-34.91637,-58.00313, 09:00 a 21:00 hs,Centro de Carga,CALLE 524 3640
542,-34.62837,-58.39995, 08:00 a 20:00 hs,Centro de Carga,ALBERTI 1636
543,-34.62564,-58.40411, 08:00 a 23:00 hs,Centro de Carga,COCHABAMBA 2800
544,-34.46407,-58.92336, 07:00 a 13:00 hs 15:00 a 18:00 hs,Centro de Carga,GARCIA MANSILLA 2102
545,-34.44064,-58.55597, 09:30 a 23:30 hs,Centro de Carga,9 DE JULIO 1124
546,-34.4428,-58.57311, 08:00 a 23:00 hs,Centro de Carga,LAS HERAS 2402
547,-34.43887,-58.55275, 09:00 a 23:00 hs,Centro de Carga,ADOLFO ALSINA 198
548,-34.93242,-57.97902, 08:00 a 21:00 hs,Centro de Carga,44 1760
549,-34.94997,-57.93159, 09:00 a 13:00 hs 16:00 a 21:00 hs,Centro de Carga,CALLE 20 2422
550,-34.93476,-58.00622, 09:00 a 22:00 hs,Centro de Carga,CALLE 143 8
551,-34.92057,-58.95801, 07:00 a 17:30 hs 17:00 a 21:00 hs,Centro de Carga,CALLE 14 827
552,-34.92059,-57.94571, 00:00 a 23:59 hs,Centro de Carga,CALLE 56 688
553,-34.99165,-57.85412, 07:30 a 21:00 hs 16:00 a 21:00 hs,Centro de Carga,496 S/N
554,-34.92147,-57.95977, 08:00 a 21:00 hs,Centro de Carga,CALLE 48 1028
555,-34.91009,-57.95451, 09:00 a 13:00 hs 17:00 a 20:00 hs,Centro de Carga,PLAZA ITALIA 195
556,-34.9543,-57.92998, 09:00 a 13:00 hs 16:00 a 19:00 hs,Centro de Carga,CALLE 84 1332
557,-34.90977,-57.95423, 07:30 a 23:59 hs,Centro de Carga,CALLE 44 551
558,-34.93615,-57.88548, 09:00 a 13:00 hs 16:00 a 20:30 hs,Centro de Carga,CALLE 600 380
559,-34.90961,-57.95221, 09:00 a 20:00 hs,Centro de Carga,CALLE 45 508
560,-34.92793,-57.94292, 09:00 a 20:00 hs,Centro de Carga,CALLE 12 1510
561,-34.82181,-57.96678, 08:00 a 21:00 hs,Centro de Carga,60 494
562,-34.92717,-57.94415, 09:00 a 20:00 hs,Centro de Carga,CALLE 12 1458
563,-34.90493,-57.94917, 06:00 a 23:59 hs,Centro de Carga,AV 1 598
564,-34.96328,-58.94375, 09:00 a 22:00 hs,Centro de Carga,133 2455
565,-34.96273,-57.96287, 09:00 a 21:00 hs,Centro de Carga,CALLE 72 2280
566,-34.93734,-57.92807, 09:00 a 22:00 hs,Centro de Carga,CALLE 11 2147
567,-34.92434,-57.93715, 09:00 a 22:00 hs 18:00 a 23:59 hs,Centro de Carga,64 606
568,-34.92229,-58.95045, 08:00 a 20:00 hs,Centro de Carga,56 E 11 Y 12 836
569,-34.98411,-58.03662, 08:00 a 20:00 hs,Centro de Carga,44 4532
570,-34.6777,-58.56009, 07:00 a 20:00 hs,Centro de Carga,IRIGOYEN 2398
571,-34.90472,-57.95106, 08:30 a 14:00 hs 17:00 a 21:00 hs,Centro de Carga,CALLE 2 562
572,-34.8797,-57.99066, 09:00 a 21:00 hs,Centro de Carga,CALLE 1 3100
573,-34.91279,-57.95012, 07:00 a 21:00 hs,Centro de Carga,6 805
574,-34.91835,-57.95881, 08:00 a 20:00 hs,Centro de Carga,13 723
575,-34.91959,-57.95617, 09:00 a 20:00 hs,Centro de Carga,49 880
576,-34.91677,-57.96079, 07:00 a 21:00 hs,Centro de Carga,44 109
577,-34.91573,-57.95868, 07:00 a 22:00 hs,Centro de Carga,45 823
578,-34.95502,-57.93505, 08:00 a 21:00 hs,Centro de Carga,82 1461
579,-34.91368,-57.95516, 07:00 a 23:00 hs,Centro de Carga,DIAGONAL 74 1365
580,-34.90954,-57.94566, 07:00 a 20:00 hs,Centro de Carga,DIAGONAL 77 114
581,-34.91317,-57.99313, 07:00 a 20:00 hs,Centro de Carga,AV. 25 500
582,-34.91378,-57.95457, 08:00 a 20:00 hs,Centro de Carga,46 674
583,-34.91226,-57.9508, 09:00 a 20:00 hs,Centro de Carga,6 760
584,-34.91099,-57.95037, 08:00 a 22:00 hs,Centro de Carga,5 735
585,-34.91019,-57.94889, 08:00 a 20:00 hs,Centro de Carga,DIAGONAL 80 902
586,-34.56211,-58.58925, 07:00 a 23:59 hs,Centro de Carga,CORDOBA 6279
587,-34.55729,-58.62002, 08:00 a 22:00 hs,Centro de Carga,CATAMARCA 1334
588,-34.5634,-58.60682, 08:00 a 13:00 hs 15:00 a 20:00 hs,Centro de Carga,FLORIDA 861
589,-34.55446,-58.61512, 08:00 a 23:59 hs,Centro de Carga,TUCUMAN 756
590,-34.5558,-58.59831, 09:00 a 22:00 hs,Centro de Carga,133 LAS CAMELIAS 7150
591,-34.55552,-58.60137, 08:00 a 21:00 hs,Centro de Carga,135 PARANA 7337
592,-34.55801,-58.61395, 09:00 a 23:59 hs,Centro de Carga,PRIMERA JUNTA 10187
593,-34.55948,-58.61532, 08:00 a 22:00 hs,Centro de Carga,CUBA 10174
594,-34.32886,-58.84896, 08:00 a 21:00 hs,Centro de Carga,LOS LAURELES 691
595,-34.76037,-58.39797, 08:00 a 21:00 hs,Centro de Carga,CARLOS PELLEGRINI 47
596,-34.72946,-58.46696, 10:00 a 22:00 hs,Centro de Carga,EPECUEN 258
597,-34.76121,-58.3957, 08:00 a 21:00 hs,Centro de Carga,BALCARCE 147
598,-34.76045,-58.39306, 08:00 a 21:00 hs,Centro de Carga,JULIO FONROUGE 30
599,-34.73972,-58.4852, 09:00 a 21:00 hs,Centro de Carga,CAPITAN J. YABEN 73
600,-34.73566,-58.48072, 08:00 a 21:00 hs,Centro de Carga,GIACHINO 3901
601,-34.74325,-58.44342, 08:00 a 20:00 hs,Centro de Carga,JOSE INGENIEROS 1851
602,-34.70798,-58.45759, 00:00 a 23:59 hs,Centro de Carga,PRES. JUAN DOMINGO PERÓN 5476
603,-34.75627,-58.42279, 09:00 a 13:00 hs 16:00 a 21:00 hs,Centro de Carga,SAN JUAN 3673
604,-34.71424,-58.4604, 09:00 a 22:00 hs,Centro de Carga,BARADERO 2044
605,-34.74258,-58.46256, 09:00 a 20:00 hs 16:00 a 21:00 hs,Centro de Carga,IPARRAGUIRRE 2610
606,-34.76091,-58.48301, 09:00 a 20:00 hs,Centro de Carga,LA PINTA 5351
607,-34.72929,-58.44827, 09:00 a 21:00 hs,Centro de Carga,VIRGEN DE ITATI 1990
608,-34.76413,-58.43236, 00:00 a 23:59 hs,Centro de Carga,AV. PRESIDENTE JUAN DOMINGO PERON 195
609,-34.75973,-58.40649, 07:00 a 14:00 hs 16:00 a 19:00 hs,Centro de Carga,LAPRIDA 673
610,-34.67207,-58.53934, 00:00 a 23:59 hs,Centro de Carga,AV BRIGADIER JUAN MANUEL DE ROSAS 1802
611,-34.66837,-58.53333, 08:00 a 21:00 hs,Centro de Carga,BRIG GRAL. JUAN MANUEL DE ROSAS 1146
612,-34.65815,-58.52831, 08:00 a 21:00 hs,Centro de Carga,AV.GRAL MOSCONI 208
613,-34.85991,-58.38981, 09:30 a 20:00 hs,Centro de Carga,AV. HIPOLITO YRIGOYEN 18307
614,-34.85212,-58.39922, 08:00 a 13:00 hs 16:00 a 21:00 hs,Centro de Carga,PALUMBO 2042
615,-34.32851,-58.98615, 08:00 a 22:00 hs,Centro de Carga,MITRE 66
616,-34.96357,-57.96682, 17:00 a 23:59 hs,Centro de Carga,CALLE 143 1884
617,-34.94413,-57.97516, 08:00 a 22:00 hs,Centro de Carga,CALLE 56 1994
618,-34.95959,-57.98447, 09:00 a 13:30 hs 17:00 a 23:00 hs,Centro de Carga,AVENIDA 60 2672
619,-34.97886,-57.99313, 09:00 a 21:00 hs,Centro de Carga,CALLE 66 3418
620,-34.505,-58.70166, 08:00 a 21:00 hs,Centro de Carga,MAZA 2872
621,-34.75614,-58.2573, 08:00 a 22:00 hs,Centro de Carga,CEFERINO NAMUNCURÁ 68
622,-34.63064,-58.62769, 08:00 a 21:00 hs,Centro de Carga,SALAZAR 399
623,-34.62257,-58.64084, 08:00 a 21:00 hs,Centro de Carga,EREÑÚ 59
624,-34.82254,-58.64269, 08:00 a 21:00 hs,Centro de Carga,JUAN M. DE ROSAS 20994
625,-34.8509,-58.65582, 08:00 a 21:00 hs,Centro de Carga,BRIG. GRAL. JUAN MANUEL DE ROSAS 23669
626,-34.46307,-58.57729, 08:00 a 21:00 hs,Centro de Carga,AVELLANEDA 4140
627,-34.45501,-58.56055, 08:00 a 21:00 hs,Centro de Carga,AVDA AVELLANEDA 2602
628,-34.45795,-58.56674, 08:00 a 21:00 hs,Centro de Carga,AVDA AVELLANEDA 3170
629,-34.46706,-58.58592, 08:00 a 21:00 hs,Centro de Carga,AVDA AVELLANEDA 4924
630,-34.47287,-58.59727, 08:00 a 21:00 hs,Centro de Carga,AV.  H. YRIGOYEN 3058
631,-34.45051,-58.55116, 08:00 a 21:00 hs,Centro de Carga,BRANDSEN 2139
632,-34.4532,-58.55366, 08:00 a 21:00 hs,Centro de Carga,AV SOBREMONTE 2273
633,-34.4532,-58.55722, 08:00 a 21:00 hs,Centro de Carga,AV NICOLÁS AVELLANEDA 2229
634,-34.46847,-58.58891, 08:00 a 21:00 hs,Centro de Carga,AVENIDA NICOLÁS AVELLANEDA 5199
635,-34.46161,-58.57262, 08:00 a 21:00 hs,Centro de Carga,EX COMBATIENTE JUAN C. REGUERA 2183
636,-34.45654,-58.56401, 08:00 a 21:00 hs,Centro de Carga,AVENIDA NICOLÁS AVELLANEDA 2945
637,-34.69444,-58.30008, 08:00 a 21:00 hs,Centro de Carga,LINCOLN 1481
638,-34.72098,-58.33725, 08:00 a 21:00 hs,Centro de Carga,FABIAN ONSARI 2101
639,-34.70795,-58.32195, 08:00 a 21:00 hs,Centro de Carga,FABIAN ONSARI 402
640,-34.67024,-58.41066, 08:00 a 21:00 hs,Centro de Carga,PTE  PERON 3187
641,-34.67557,-58.40356, 08:00 a 21:00 hs,Centro de Carga,PTE J. D. PERON 2317
642,-34.67168,-58.40864, 08:00 a 21:00 hs,Centro de Carga,PRES. TTE GRAL JUAN DOMINGO PERON 2944
643,-34.76616,-58.43439, 09:00 a 14:00 hs 16:00 a 21:00 hs,Centro de Carga,ACCESO A CAMINO PRES. JUAN DOMINGO  
644,-35.27323,-57.26101, 08:00 a 21:00 hs,Centro de Carga,DIAG 61 ESQ 29 S/N   0 1
645,-34.53604,-58.47711, 08:00 a 21:00 hs,Centro de Carga,AV. MAIPU 156
646,-34.53611,-58.47702, 08:00 a 21:00 hs,Centro de Carga,AV. MAIPU 193
647,-34.52709,-58.482, 08:00 a 21:00 hs,Centro de Carga,AV MAIPÚ 1103
648,-34.5379,-58.4763, 08:00 a 21:00 hs,Centro de Carga,AVDA MAIPU 6
649,-34.523,-58.4743, 08:00 a 21:00 hs,Centro de Carga,GRAL ROCA 770
650,-34.52263,-58.47337, 08:00 a 21:00 hs,Centro de Carga,ROCA 616
651,-34.5357,-58.47746, 08:00 a 21:00 hs,Centro de Carga,AVENIDA MAIPÚ 278
652,-34.5219,-58.48485, 08:00 a 21:00 hs,Centro de Carga,AVENIDA MAIPÚ 1730
653,-34.45832,-58.53909, 08:00 a 21:00 hs,Centro de Carga,URUGUAY 1503
654,-34.47401,-58.57169, 08:00 a 21:00 hs,Centro de Carga,URUGUAY 4835
655,-34.4531,-58.53871, 08:00 a 21:00 hs,Centro de Carga,AVDA PTE PERON 3199
656,-34.44987,-58.54361, 08:00 a 21:00 hs,Centro de Carga,AV. GRAL JUAN D. PERÓN 2620
657,-34.46215,-58.54703, 08:00 a 21:00 hs,Centro de Carga,URUGUAY 2299
658,-34.54419,-58.54779, 08:00 a 21:00 hs,Centro de Carga,ALVEAR 1952
659,-34.55103,-58.55629, 08:00 a 21:00 hs,Centro de Carga,69 SAN MARTÍN 4882
660,-34.55081,-58.55445, 08:00 a 21:00 hs,Centro de Carga,65 INDEPENDENCIA 4725
661,-34.54753,-58.55492, 08:00 a 21:00 hs,Centro de Carga,61 LACROZE 5033
662,-34.56048,-58.55857, 08:00 a 21:00 hs,Centro de Carga,O DONELL 401
663,-34.5403,-58.56562, 08:00 a 21:00 hs,Centro de Carga,MORENO 2697
664,-34.56197,-58.56515, 08:00 a 21:00 hs,Centro de Carga,101 9 DE JULIO 4713
665,-34.56255,-58.57174, 08:00 a 21:00 hs,Centro de Carga,113 HÚSARES DE PUEYRREDÓN 2767
666,-34.55478,-58.56097, 08:00 a 21:00 hs,Centro de Carga,116 ALMIRANTE BROWN 3385
667,-34.5946,-58.53774, 08:00 a 21:00 hs,Centro de Carga,AV. RODRIGUEZ PEÑA 5089
668,-34.59097,-58.571, 08:00 a 21:00 hs,Centro de Carga,J. M. BOSCH 1203
669,-34.58959,-58.57241, 08:00 a 21:00 hs,Centro de Carga,EL PAYADOR 5503
670,-34.58492,-58.57886, 08:00 a 21:00 hs,Centro de Carga,SANTOS VEGA 6195
671,-34.58316,-58.58107, 08:00 a 21:00 hs,Centro de Carga,SANTOS VEGA 6561
672,-34.58702,-58.57619, 08:00 a 21:00 hs,Centro de Carga,SANTOS VEGA 5779
673,-34.5895,-58.57117, 08:00 a 21:00 hs,Centro de Carga,JOSE MARIA BOSH 1056
674,-34.4583,-58.9117, 08:00 a 21:00 hs,Centro de Carga,ITUZAINGO 615
675,-34.4506,-58.9061, 08:00 a 21:00 hs,Centro de Carga,9 DE JULIO 213
676,-34.46046,-58.913, 08:00 a 21:00 hs,Centro de Carga,RIVADAVIA 798
677,-34.4571,-58.91325, 08:00 a 21:00 hs,Centro de Carga,RIVADAVIA 507
678,-34.45575,-58.91329, 08:00 a 21:00 hs,Centro de Carga,RIVADAVIA 394
679,-34.45811,-58.90973, 08:00 a 21:00 hs,Centro de Carga,HIPÓLITO YRIGOYEN 357
680,-34.46289,-58.91285, 08:00 a 21:00 hs,Centro de Carga,AV V. CASTRO 359
681,-34.45608,-58.90662, 08:00 a 21:00 hs,Centro de Carga,SARMIENTO 1
682,-34.45622,-58.92393, 08:00 a 21:00 hs,Centro de Carga,ESTANISLAO ZEBALLOS 402
683,-34.46651,-58.90829, 08:00 a 21:00 hs,Centro de Carga,AVDA TOMAS  MARQUEZ 1304
684,-34.46412,-58.9101, 08:00 a 21:00 hs,Centro de Carga,AVDA TOMAS  MARQUEZ 1090
685,-34.46094,-58.91022, 08:00 a 21:00 hs,Centro de Carga,MAYOR VERGANI 844
686,-34.46679,-58.91185, 08:00 a 21:00 hs,Centro de Carga,RIO TERCERO 1275
687,-34.46288,-58.91286, 08:00 a 21:00 hs,Centro de Carga,MORENO 600
688,-34.45624,-58.90115, 08:00 a 21:00 hs,Centro de Carga,AVENIDA JOSÉ E. URIBURU 343
689,-34.45538,-58.89632, 08:00 a 21:00 hs,Centro de Carga,AVENIDA JOSÉ E. URIBURU 4426
690,-34.45819,-58.9149, 08:00 a 21:00 hs,Centro de Carga,HIPÓLITO YRIGOYEN 722
691,-34.45465,-58.89273, 08:00 a 21:00 hs,Centro de Carga,LAGOMARSINO 905
692,-34.50004,-58.69328, 08:00 a 21:00 hs,Centro de Carga,AV. PTE. PERON 3308
693,-34.5025,-58.6899, 08:00 a 21:00 hs,Centro de Carga,AVDA PTE JUAN DOMINGO PERON 2909
694,-34.50943,-58.70316, 08:00 a 21:00 hs,Centro de Carga,COMODORO RIVADAVIA 1709
695,-34.49632,-58.69147, 08:00 a 21:00 hs,Centro de Carga,REMEDIOS DE ESCALADA 3560
696,-34.53295,-58.70136, 08:00 a 21:00 hs,Centro de Carga,RUTA 8 3710
697,-34.49942,-58.69513, 08:00 a 21:00 hs,Centro de Carga,GRAL. SAN MARTÍN 2683
698,-34.80837,-58.44512, 09:00 a 19:00 hs,Centro de Carga,BV BUENOS AIRES 1662
699,-34.80333,-58.4502, 08:00 a 21:00 hs,Centro de Carga,JOSE HERNANDEZ E/INDEP. Y VARISCO 119
700,-34.80617,-58.44104, 08:00 a 21:00 hs,Centro de Carga,BVD BUENOS AIRES 1998
701,-34.57306,-59.09951, 08:00 a 21:00 hs,Centro de Carga,BELGRANO 1190
702,-34.56965,-59.10644, 08:00 a 21:00 hs,Centro de Carga,BARTOLOME MITRE 1152
703,-34.5652,-59.1164, 08:00 a 21:00 hs,Centro de Carga,SAN MARTIN 406
704,-34.5675,-59.1175, 08:00 a 21:00 hs,Centro de Carga,ITALIA 1201
705,-34.5654,-59.12, 08:00 a 21:00 hs,Centro de Carga,BARTOLOME MITRE 177
706,-34.56224,-59.11838, 08:00 a 21:00 hs,Centro de Carga,25 DE MAYO 195
707,-34.56982,-59.11398, 08:00 a 21:00 hs,Centro de Carga,ADOLFO ALSINA 1298
708,-34.59014,-59.12281, 08:00 a 21:00 hs,Centro de Carga,RUTA NAC 5 49200
709,-34.57767,-59.11875, 08:00 a 21:00 hs,Centro de Carga,ALSINA 1909
710,-34.48959,-58.50055, 08:00 a 21:00 hs,Centro de Carga,AVDA SANTA FE 2007
711,-34.49979,-58.52253, 08:00 a 21:00 hs,Centro de Carga,AV HIPOLITO YRIGOYEN 1921
712,-34.48252,-58.56906, 08:00 a 21:00 hs,Centro de Carga,COLECTORA  PANAMERICANA 1885
713,-34.49245,-58.51055, 08:00 a 21:00 hs,Centro de Carga,MONSEÑOR LARUMBE 786
714,-34.49752,-58.51755, 08:00 a 21:00 hs,Centro de Carga,HIPÓLITO YRIGOYEN 1447
715,-34.58152,-58.60142, 08:00 a 21:00 hs,Centro de Carga,PTE PERON 8088
716,-34.58769,-58.58952, 08:00 a 21:00 hs,Centro de Carga,SAN LORENZO 1893
717,-34.59119,-58.58853, 08:00 a 21:00 hs,Centro de Carga,PTE. JUAN DOMINGO PERÓN 6633
718,-34.5851,-58.58595, 08:00 a 21:00 hs,Centro de Carga,SAN LORENZO 1505
719,-34.38239,-58.82429, 08:00 a 21:00 hs,Centro de Carga,SARMIENTO 204
720,-34.38425,-58.82878, 08:00 a 21:00 hs,Centro de Carga,SAN MARTIN 86
721,-34.95141,-58.04955, 08:00 a 21:00 hs,Centro de Carga,CALLE 520 7650
722,-34.94903,-58.04678, 08:00 a 21:00 hs,Centro de Carga,AVENIDA 520 7364
723,-34.66203,-59.4259, 08:00 a 21:00 hs,Centro de Carga,CALLE 2 256
724,-34.652,-59.43068, 08:00 a 21:00 hs,Centro de Carga,CALLE 22 615
725,-34.65504,-59.42739, 08:00 a 21:00 hs,Centro de Carga,CALLE 16 393
726,-34.65954,-59.43433, 08:00 a 21:00 hs,Centro de Carga,CALLE 29 41
727,-34.66133,-59.42952, 08:00 a 21:00 hs,Centro de Carga,CALLE 2 408
728,-34.699,-58.74965, 08:00 a 21:00 hs,Centro de Carga,ECHEVERRY 463
729,-34.69182,-58.37704, 08:00 a 21:00 hs,Centro de Carga,DONOVAN 305
730,-34.69752,-58.37829, 08:00 a 21:00 hs,Centro de Carga,SARMIENTO 681
731,-34.68704,-58.37059, 08:00 a 21:00 hs,Centro de Carga,DE LA SERNA 1247
732,-34.69008,-58.36849, 08:00 a 21:00 hs,Centro de Carga,PRESIDENTE SARMIENTO 1779
733,-34.69502,-58.38149, 08:00 a 21:00 hs,Centro de Carga,J. BOLAÑOS 786
734,-34.88517,-58.36147, 08:00 a 18:00 hs,Centro de Carga,MIGUEL CANE 773
735,-34.8874,-58.3841, 08:00 a 21:00 hs,Centro de Carga,PATRIA 42
736,-34.89222,-58.39089, 08:00 a 21:00 hs,Centro de Carga,TTE. CLARK 35
737,-34.88889,-58.38473, 08:00 a 21:00 hs,Centro de Carga,RAUL SOLDI 1
738,-34.80726,-58.30196, 08:00 a 21:00 hs,Centro de Carga,EL ZONDA 1632
739,-34.81286,-58.30228, 08:00 a 21:00 hs,Centro de Carga,CALLE 519 2061
740,-34.81402,-58.29279, 08:00 a 21:00 hs,Centro de Carga,CALLE 503 2698
741,-34.76353,-58.64162, 08:00 a 21:00 hs,Centro de Carga,BARILOCHE 3890
742,-34.7621,-58.6297, 08:00 a 21:00 hs,Centro de Carga,SENGUEL 6717
743,-34.77439,-58.64367, 08:00 a 21:00 hs,Centro de Carga,CALLE 153 1028
744,-34.77484,-58.62195, 08:00 a 21:00 hs,Centro de Carga,AVDA BRIG GRAL JUAN MANUEL DE ROSAS 7308
745,-34.7697,-58.61952, 08:00 a 21:00 hs,Centro de Carga,JUAN MANUEL DE ROSAS 15153
746,-34.78502,-58.62664, 08:00 a 21:00 hs,Centro de Carga,AV JUAN MANUEL DE ROSAS 16966
747,-34.77491,-58.62196, 08:00 a 21:00 hs,Centro de Carga,JUAN MANUEL DE ROSAS 14881
748,-34.60187,-58.56182, 08:00 a 21:00 hs,Centro de Carga,AVDA. LIBERTADOR GRAL. SAN MARTIN 2155
749,-34.6204,-58.56296, 08:00 a 21:00 hs,Centro de Carga,AV. SAN MARTIN 3999
750,-34.60563,-58.56476, 08:00 a 21:00 hs,Centro de Carga,ANDRÉS FERREYRA 2578
751,-34.608,-58.5606, 08:00 a 21:00 hs,Centro de Carga,MORENO 4601
752,-34.6073,-58.5621, 08:00 a 21:00 hs,Centro de Carga,AVDA LIBERTADOR GRAL SAN MARTIN 2737
753,-34.6184,-58.5449, 08:00 a 21:00 hs,Centro de Carga,AYACUCHO 2478
754,-34.613,-58.5625, 08:00 a 21:00 hs,Centro de Carga,AV. SAN MARTÍN 3296
755,-34.6269,-58.56543, 08:00 a 21:00 hs,Centro de Carga,AV. PRES ARTURO U. ILLIA 1
756,-34.61518,-58.56447, 08:00 a 21:00 hs,Centro de Carga,PUAN 4801
757,-34.60973,-58.57087, 08:00 a 21:00 hs,Centro de Carga,BARTOLOMÉ MITRE 5176
758,-34.61553,-58.54958, 08:00 a 21:00 hs,Centro de Carga,BARTOLOME MITRE 3506
759,-34.59661,-58.56145, 08:00 a 21:00 hs,Centro de Carga,AV SAN MARTIN 1732
760,-34.68994,-58.56842, 08:00 a 21:00 hs,Centro de Carga,TRES DE FEBRERO 2887
761,-34.59938,-58.56162, 08:00 a 21:00 hs,Centro de Carga,AV SAN MARTIN 1914
762,-34.62331,-58.56985, 08:00 a 21:00 hs,Centro de Carga,MARTÍN FERNÁNDEZ DE OLIVEIRA 4307
763,-34.63425,-58.62856, 08:00 a 21:00 hs,Centro de Carga,BOULEVARD J.M. DE ROSAS 687
764,-34.63647,-58.65492, 08:00 a 21:00 hs,Centro de Carga,SANTA ROSA 2187
765,-34.64301,-58.63958, 08:00 a 21:00 hs,Centro de Carga,AVELLANEDA 1705
766,-34.6406,-58.5306, 08:00 a 21:00 hs,Centro de Carga,RAMON L FALCON 3166
767,-34.64086,-58.54131, 08:00 a 21:00 hs,Centro de Carga,SAN MARTÍN 58
768,-34.6483,-58.53801, 08:00 a 21:00 hs,Centro de Carga,AVDA DIAZ VELEZ 1223
769,-34.62275,-58.53044, 08:00 a 21:00 hs,Centro de Carga,GENERAL PAZ 175
770,-34.65214,-58.53236, 08:00 a 21:00 hs,Centro de Carga,AV DIAZ VELEZ 1380
771,-34.64026,-58.54271, 08:00 a 21:00 hs,Centro de Carga,AVENIDA RIVADAVIA 12688
772,-34.62626,-58.53683, 08:00 a 21:00 hs,Centro de Carga,CARLOS PELLEGRINI 3201
773,-34.80217,-58.33759, 08:00 a 21:00 hs,Centro de Carga,ALCORTA 4599
774,-34.80575,-58.3479, 08:00 a 21:00 hs,Centro de Carga,ALSINA 3797
775,-35.1681,-58.233, 08:00 a 21:00 hs,Centro de Carga,P J FERRARI 66
776,-35.1698,-58.23474, 08:00 a 21:00 hs,Centro de Carga,JUAN JOSE PASO 272
777,-35.16918,-58.23907, 08:00 a 21:00 hs,Centro de Carga,BV. BARTOLOMÉ MITRE 524
778,-34.457,-58.91234, 08:00 a 21:00 hs,Centro de Carga,PEDRO LAGRAVE 538
779,-34.66757,-58.35657, 08:00 a 21:00 hs,Centro de Carga,F VARELA 3
780,-34.66237,-58.35049, 08:00 a 21:00 hs,Centro de Carga,CORONEL SUAREZ 576
781,-34.67179,-58.35224, 08:00 a 21:00 hs,Centro de Carga,IGUAZU 24
782,-34.66602,-58.35815, 08:00 a 21:00 hs,Centro de Carga,AV MITRE 1420
783,-34.6688,-58.35539, 08:00 a 21:00 hs,Centro de Carga,AV MITRE 1838
784,-34.66962,-58.35456, 08:00 a 21:00 hs,Centro de Carga,AV MITRE 1951
785,-34.66524,-58.44413, 09:00 a 18:00 hs,Centro de Carga,MARIANO ACOSTA	 3620
786,-34.57347,-58.50301, 08:30 a 20:00 hs,Centro de Carga,AV. DE LOS CONSTITUYENTES 5805
787,-34.57018,-58.50792, 09:00 a 21:00 hs,Centro de Carga,AV. DE LOS CONSTITUYENTES 6277
788,-34.5766,-58.49219, 07:00 a 19:00 hs,Centro de Carga,AV. ROOSEVELT	 5621
789,-34.57271,-58.50165, 07:00 a 22:00 hs,Centro de Carga,IBERA	 6058
790,-34.57375,-58.4849, 09:00 a 22:00 hs,Centro de Carga,MONROE 5023
791,-34.57639,-58.48526, 09:00 a 22:00 hs,Centro de Carga,OLAZABAL 5107
792,-34.57238,-58.48654, 09:00 a 19:00 hs,Centro de Carga,AV. ROOSEVELT 5621
793,-34.81974,-58.27292, 07:00 a 23:00 hs,Centro de Carga,MONTEVIDEO 2306
794,-34.81161,-58.6338, 13:00 a 21:00 hs,Centro de Carga,ESTECO 2156
795,-34.86516,-58.66833, 10:00 a 18:00 hs,Centro de Carga,AV. JUAN MANUEL DE ROSAS 25350
796,-34.84494,-58.64343, 09:00 a 18:00 hs,Centro de Carga,AV. HUGO WAST 1054
797,-34.84149,-58.64627, 08:00 a 20:00 hs,Centro de Carga,AV. MONTECARLO	 491
798,-34.82645,-58.62916, 08:00 a 20:00 hs,Centro de Carga,SANTIAGO BUERAS	 8563
799,-34.8116,-58.6338, 09:00 a 18:00 hs,Centro de Carga,ESTECO 2156
800,-34.86516,-58.66833, 09:00 a 18:00 hs,Centro de Carga,AV. J. M. DE ROSAS 25350
801,-34.84494,-58.64343, 09:00 a 18:00 hs,Centro de Carga,AV. HUGO WAST 1054
802,-34.89057,-58.69347, 07:00 a 23:00 hs,Centro de Carga,JULIAN AGUIRRE 6025
803,-34.81161,-58.6338, 09:00 a 18:00 hs,Centro de Carga,ESTECO 2156
804,-34.84681,-58.64915, 09:00 a 18:00 hs,Centro de Carga,MANZANA 40 17
805,-34.89057,-58.69347, 09:00 a 18:00 hs,Centro de Carga,JULIAN AGUIRRE 6025
806,-34.84493,-58.6434, 09:00 a 18:00 hs,Centro de Carga,HUGO WAST 1054
807,-34.63334,-58.48812, 09:00 a 21:00 hs,Centro de Carga,CARRASCO 49
808,-34.61058,-58.38337, 09:00 a 21:00 hs,Centro de Carga,JUAN B. JUSTO 7301
809,-34.6267,-58.49168, 09:30 a 22:00 hs,Centro de Carga,SEGUROLA 1008
810,-34.68956,-58.30141, 08:00 a 18:00 hs,Centro de Carga,ROBLES 6181
811,-34.70041,-58.32341, 08:00 a 20:00 hs,Centro de Carga,CORVALAN 47
812,-34.69813,-58.3106, 06:30 a 20:00 hs,Centro de Carga,AV R FRANCO 6193
813,-34.70619,-58.31985, 08:00 a 20:00 hs,Centro de Carga,FABIAN ONZARI 199
814,-34.60251,-58.80751, 10:00 a 13:00 hs 17:00 a 20:30 hs,Centro de Carga,LAMADRID 5635
815,-34.64584,-58.79902, 08:00 a 16:00 hs,Centro de Carga,JUAN XXIII 3498
816,-34.64964,-58.78959, 09:00 a 18:00 hs,Centro de Carga,JUAN XXIII 3498
817,-34.64964,-58.78959, 05:00 a 23:00 hs,Centro de Carga,FRANCISCO PIOVANO 3399
818,-99.99999,-99.99999, 09:00 a 18:00 hs,Centro de Carga,QUIRNO COSTA 1746
819,-34.60443,-58.79509, 09:00 a 18:00 hs,Centro de Carga,SCHUMANN 2220
820,-99.99999,-99.99999, 09:00 a 18:00 hs,Centro de Carga,SCHUMANN	 2237
821,-99.99999,-99.99999, 09:00 a 18:00 hs,Centro de Carga,GAS CULTURA 1377
822,-34.64751,-58.62109, 08:00 a 16:00 hs,Centro de Carga,SALTA 84
823,-34.6493,-58.61753, 09:00 a 21:00 hs,Centro de Carga,AV. RIVADAVIA 18014
824,-34.6474,-58.61823, 06:00 a 21:00 hs,Centro de Carga, CRISOLOGO LARRALDE 678
825,-34.6474,-58.6178, 06:00 a 21:00 hs,Centro de Carga,CRISOLOGO LARRALDE 641
826,-34.64849,-58.61963, 07:00 a 21:00 hs,Centro de Carga,SARMIENTO 787
827,-34.69245,-58.63695, 09:00 a 21:00 hs,Centro de Carga,AV.CALLAO 1384
828,-34.65624,-58.60526, 10:00 a 20:00 hs,Centro de Carga,DOMINGO FRENCH 806
829,-34.65176,-58.61845, 00:00 a 00:00 hs,Centro de Carga,NUESTRA SEÑORA DEL BUEN VIAJE 687
830,-34.65456,-58.61985, 00:00 a 00:00 hs,Centro de Carga,25 DE MAYO 599
831,-34.64731,-58.61757, 09:00 a 18:00 hs,Centro de Carga,CRISOLOGO LARRALDE 608
832,-34.63906,-58.62584, 09:00 a 18:00 hs,Centro de Carga,AV. JUAN MANUEL DE ROSAS 348
833,-34.53092,-58.73059, 09:00 a 23:00 hs,Centro de Carga,DON BOSCO 6407
834,-34.64726,-58.61648, 07:00 a 23:00 hs,Centro de Carga,AV. GRAL. M. AZCUENAGA 301
835,-34.64924,-58.61944, 07:00 a 23:00 hs,Centro de Carga,RIVADAVIA 18173
836,-34.63144,-58.53767, 09:00 a 18:00 hs,Centro de Carga,BROWN 746
837,-34.64919,-58.62251, 07:00 a 23:00 hs,Centro de Carga,AV. RIVADAVIA 18389
838,-34.54426,-58.73846, 07:00 a 23:00 hs,Centro de Carga,WILLIAMS MORRIS 2966
839,-34.64957,-58.41615, 06:00 a 19:30 hs,Centro de Carga,AV. SAENZ 790
840,-34.65278,-58.41651, 06:00 a 20:00 hs,Centro de Carga,AVENIDA SAENZ 1100
841,-34.64204,-58.4161, 08:00 a 20:00 hs,Centro de Carga,ECHAURI 1567
842,-34.64423,-58.42159, 09:00 a 18:00 hs,Centro de Carga,AV. LA PLATA 2528
843,-34.54025,-58.46385, 07:30 a 19:00 hs,Centro de Carga,AV. DEL LIBERTADOR 810
844,-34.54753,-58.46542, 09:00 a 21:00 hs,Centro de Carga,CRISOLOGO LARRALDE 2116
845,-34.44883,-58.6657, 09:00 a 20:00 hs,Centro de Carga,AV. DE LOS CONSTITUYENTES 2689
846,-34.45017,-58.6537, 09:00 a 22:00 hs,Centro de Carga,VENTANITA FLORIDA 176
847,-34.60907,-58.58698, 10:00 a 12:00 hs,Centro de Carga,JOSE HERNANDEZ 715
848,-34.60561,-58.92846, 07:30 a 21:00 hs,Centro de Carga,AV DOCTOR RICARDO BALBIN 150
849,-34.61391,-58.96887, 09:00 a 20:00 hs,Centro de Carga,BDO DE IRIGOYREN 776
850,-34.58333,-58.57569, 09:00 a 22:00 hs,Centro de Carga,CARLOS ECHAGUE 8257
851,-34.71847,-58.2587, 09:00 a 20:00 hs,Centro de Carga,ALMIRANTE BROWN	 410
852,-34.72206,-58.25993, 09:00 a 15:00 hs,Centro de Carga,ALVEAR 643
853,-34.72353,-58.25844, 07:00 a 20:00 hs,Centro de Carga,ALEM 103
854,-34.72708,-58.26805, 09:00 a 18:00 hs,Centro de Carga,CARLOS PELLEGRINI	 703
855,-34.74207,-58.27933, 09:00 a 18:00 hs,Centro de Carga,JOAQUIN GONZALEZ 2001
856,-34.71443,-58.29871, 09:00 a 18:00 hs,Centro de Carga,COMANDANTE FRANCO 850
857,-34.71949,-58.26062, 09:00 a 18:00 hs,Centro de Carga,COLON 147
858,-34.72918,-58.2629, 09:00 a 18:00 hs,Centro de Carga,AV 12 DE OCTUBRE 440
859,-34.73882,-58.28223, 09:00 a 18:00 hs,Centro de Carga,AV 12 DE OCTUBRE 2347
860,-34.76962,-58.2709, 09:00 a 18:00 hs,Centro de Carga,AV CALCHAQUI 5186
861,-34.73605,-58.29463, 09:00 a 18:00 hs,Centro de Carga,AV CALCHAQUI 836
862,-34.71858,-58.27425, 09:00 a 18:00 hs,Centro de Carga,ANDRES BARANDA 200
863,-34.7597,-58.51382, 09:00 a 18:00 hs,Centro de Carga,AV. CALCHAQUI 3950
864,-34.71932,-58.25414, 09:00 a 19:00 hs,Centro de Carga,SARMIENTO	 546
865,-34.72145,-58.25402, 07:00 a 23:00 hs,Centro de Carga,ALEM 347
866,-34.7235,-58.25863, 09:00 a 18:00 hs,Centro de Carga,ALEM 97
867,-34.72209,-58.2457, 09:00 a 18:00 hs,Centro de Carga,ALISON BELL 873 873
868,-34.63621,-58.39716, 07:00 a 23:00 hs,Centro de Carga,AV LOS QUILMES 1
869,-34.7597,-58.27882, 09:00 a 18:00 hs,Centro de Carga,AV. CALCHAQUI 3950
870,-34.78488,-58.34392, 09:00 a 21:00 hs,Centro de Carga,AV. SAN MARTIN 4283
871,-34.79308,-58.36046, 09:30 a 21:00 hs,Centro de Carga,20 DE SEPTIEMBRE 1517
872,-34.79482,-58.35714, 09:00 a 19:00 hs,Centro de Carga,ALTAMIRA 1821
873,-34.81366,-58.39651, 09:00 a 22:00 hs,Centro de Carga,AVENIDA SAN MARTIN 4077
874,-34.78472,-58.34481, 09:30 a 22:00 hs,Centro de Carga,AV. SAN MARTIN	 4267
875,-34.78603,-58.33978, 08:00 a 21:00 hs,Centro de Carga,BORODIN 1893
876,-34.78135,-58.34191, 10:00 a 17:00 hs,Centro de Carga,MARATURE 4655
877,-34.78295,-58.33412, 09:00 a 22:00 hs,Centro de Carga,VASCO NUÑEZ DE BALBOA 1852
878,-34.79348,-58.36083, 07:00 a 23:00 hs,Centro de Carga,AV SAN MARTIN 3085
879,-34.58079,-58.51514, 09:00 a 21:00 hs,Centro de Carga,AV. RODRIGUEZ PEÑA 4706
880,-34.56312,-58.52241, 08:00 a 23:59 hs,Centro de Carga,MATHEU 1660
881,-34.54718,-58.50237, 09:00 a 18:00 hs,Centro de Carga,LAPRIDA 3606
882,-34.572,-58.5056, 08:30 a 14:00 hs 17:00 a 22:00 hs,Centro de Carga,AV. CONSTITUYENTES 6020
883,-34.57201,-58.50561, 09:00 a 18:00 hs,Centro de Carga,AV. CONSTITUYENTES 6020
884,-34.40644,-58.85753, 10:00 a 18:00 hs,Centro de Carga,AV. PUEYRREDON 5430
885,-34.62932,-58.57062, 10:00 a 18:00 hs,Centro de Carga,ILLIA 697
886,-34.66234,-58.4349, 08:30 a 14:00 hs 16:00 a 21:00 hs,Centro de Carga,FRANCISCO I. RABANAL 2801
887,-34.56571,-58.48247, 08:00 a 20:00 hs,Centro de Carga,AV CONGRESO 4395
888,-34.57691,-58.48233, 08:00 a 20:00 hs,Centro de Carga,AV TRIUNVIRATO 4369
889,-34.57765,-58.49453, 10:00 a 19:00 hs,Centro de Carga,AV.ROOSVELT 5749
890,-34.8996,-58.70138, 07:00 a 21:00 hs,Centro de Carga,SAN CARLOS 6030
891,-34.84262,-58.64522, 09:00 a 18:00 hs,Centro de Carga,MONTECARLO 625
892,-34.46646,-58.58457, 08:00 a 20:00 hs,Centro de Carga,AV. AVELLANEDA 4801
893,-34.46837,-58.58864, 09:00 a 18:00 hs,Centro de Carga,AVELLANEDA 5176
894,-34.46988,-58.58919, 08:30 a 10:30 hs,Centro de Carga,PEREZ GALDOS 1728
895,-34.46537,-58.5825, 07:00 a 22:30 hs,Centro de Carga,AV AVELLANEDA 4620
896,-34.46515,-58.58358, 09:00 a 13:00 hs 16:00 a 20:00 hs,Centro de Carga,PARANA 2028
897,-34.46401,-58.57936, 09:00 a 18:00 hs,Centro de Carga,AV. NICOLÁS AVELLANEDA 4325
898,-34.70272,-58.32409, 08:00 a 21:00 hs,Centro de Carga,BELGRANO 5901
899,-34.70033,-58.31773, 10:00 a 18:00 hs,Centro de Carga,ZEBALLOS 5991
900,-34.70271,-58.32408, 09:00 a 18:00 hs,Centro de Carga,AV. DR. MANUEL BELGRANO 5901
901,-34.11326,-59.02031, 08:00 a 22:00 hs,Centro de Carga,AV. GRAL. LAVALLE 1878
902,-34.98954,-58.37333, 08:00 a 21:00 hs,Centro de Carga,SEGUÍ 696
903,-34.60839,-58.43872, 08:00 a 21:00 hs,Centro de Carga,AV DIAZ VELEZ 5092
904,-34.74308,-58.39451, 08:00 a 21:00 hs,Centro de Carga,MAIPÚ 106
905,-34.74363,-58.40774, 08:00 a 20:00 hs,Centro de Carga,ALBERTO LARROQUE 881
906,-34.74823,-58.41129, 08:00 a 20:00 hs,Centro de Carga,GRAL JUAN GREGORIO DE LAS HERAS 1160
907,-34.3595,-58.80147, 08:00 a 21:00 hs,Centro de Carga,25 DE MAYO 0 0
908,-34.56426,-58.68314, 08:00 a 21:00 hs,Centro de Carga,AVENIDA SENADOR MORÓN 1447
909,-34.59821,-58.72138, 08:00 a 21:00 hs,Centro de Carga,DURAND 1061
910,-34.56183,-58.68077, 08:00 a 20:00 hs,Centro de Carga,AVENIDA MATTALDI 1052
911,-34.47964,-58.58213, 09:00 a 18:00 hs,Centro de Carga,CARLOS TEJEDOR 2727
912,-34.53675,-58.69585, 08:00 a 21:00 hs,Centro de Carga,AVELLANEDA 22
913,-34.62064,-58.56131, 08:00 a 20:00 hs,Centro de Carga,DAVID MAGDALENA 4019
914,-35.04824,-58.76803, 08:00 a 21:00 hs,Centro de Carga,LIBERTAD 1650
915,-34.60988,-58.40552, 08:00 a 21:00 hs,Centro de Carga,RIVADAVIA 2769
916,-34.65083,-58.5942, 07:00 a 13:30 hs 16:00 a 20:30 hs,Centro de Carga,EMILIO CASTRO 644
917,-34.63962,-58.58128, 10:00 a 19:00 hs,Centro de Carga,DR. LUIS GUEMES ESQ. DEFENSA 369
918,-34.61471,-58.64896, 08:00 a 23:30 hs,Centro de Carga,LEBENSHON 3886
919,-34.59195,-58.66832, 08:00 a 14:00 hs 17:00 a 23:00 hs,Centro de Carga,GIBRALTAR 3220
920,-34.37965,-58.73608, 08:00 a 20:00 hs,Centro de Carga,"PANAMERICANA KM 42,5 SN"
921,-34.70374,-58.58081, 08:00 a 22:00 hs,Centro de Carga,ROMA 3147
922,-34.70439,-58.58179, 09:00 a 13:00 hs,Centro de Carga,ISLAS MALVINAS 3135
923,-34.70427,-58.57997, 09:00 a 14:00 hs 16:00 a 18:00 hs,Centro de Carga,ROMA 3215
924,-34.7239,-58.58133, 08:00 a 22:00 hs,Centro de Carga,OTTO KRAUSE 775
925,-34.72219,-58.57983, 09:00 a 18:00 hs,Centro de Carga,FARDMAN 575
926,-34.70113,-58.58696, 09:00 a 18:00 hs,Centro de Carga,SEGUI 5912
927,-34.66094,-58.66998, 08:00 a 20:00 hs,Centro de Carga,AV. ING. C. RATTI 1860
928,-34.63802,-58.65536, 08:00 a 20:00 hs,Centro de Carga,SANTA ROSA 1972
929,-34.68102,-58.67188, 08:00 a 20:00 hs,Centro de Carga,BELTRAN 2422
930,-34.6657,-58.66227, 09:00 a 12:00 hs,Centro de Carga,BLAS PARERA 650
931,-34.65808,-58.69577, 07:00 a 21:00 hs,Centro de Carga,POSTA DE PARDO 3043
932,-34.62958,-58.66418, 09:00 a 13:00 hs 16:00 a 20:00 hs,Centro de Carga,CIPOLLETI 609
933,-34.66246,-58.67622, 08:00 a 14:00 hs 17:00 a 23:00 hs,Centro de Carga,MANSILLA 2103
934,-34.65877,-58.66609, 09:00 a 13:00 hs 16:00 a 20:00 hs,Centro de Carga,LAS HERAS 35
935,-34.59495,-58.63596, 07:30 a 20:00 hs,Centro de Carga,VERGARA 3960
936,-34.64249,-58.65667, 09:00 a 13:00 hs 16:00 a 20:00 hs,Centro de Carga,AV. SANTA ROSA 1514
937,-34.64782,-58.66463, 08:00 a 20:00 hs,Centro de Carga,BACACAY 402
938,-34.6582,-58.6663, 08:00 a 13:00 hs 16:00 a 21:00 hs,Centro de Carga,LAS HERAS 77
939,-34.63742,-58.70053, 07:30 a 20:00 hs,Centro de Carga,AV. INTENDENTE RATTI 3346
940,-34.59523,-58.71101, 09:00 a 18:00 hs,Centro de Carga,ESPERANZA 2576
941,-34.63372,-58.69979, 10:00 a 18:00 hs,Centro de Carga,CERRITO 1497
942,-34.52296,-58.80243, 08:00 a 20:00 hs 15:30 a 20:30 hs,Centro de Carga,AV SAAVEDRA LAMAS 1112
943,-34.52723,-58.7824, 08:00 a 20:00 hs,Centro de Carga,AV CROACIA 349
944,-34.51467,-58.74254, 10:00 a 18:00 hs,Centro de Carga,POLONIA 1
945,-34.53726,-58.74095, 07:00 a 23:00 hs,Centro de Carga,GASPAR CAMPOS 4801
946,-34.54456,-58.76743, 08:00 a 20:30 hs,Centro de Carga,SARMIENTO 4562
947,-34.51966,-58.73718, 10:00 a 18:00 hs,Centro de Carga,MUÑOZ 4301
948,-34.53712,-58.74097, 08:00 a 13:00 hs 16:00 a 21:00 hs,Centro de Carga,GASPAR CAMPOS 4801
949,-34.53843,-58.79635, 08:00 a 13:00 hs 16:00 a 21:00 hs,Centro de Carga,HIPOLITO YRIGOYEN 2604
950,-34.51744,-58.74866, 08:00 a 14:00 hs 17:00 a 23:00 hs,Centro de Carga,HIPOLITO YRIGOYEN 1484
951,-34.82893,-58.18313, 09:00 a 18:00 hs,Centro de Carga,AV. 413 1039
952,-34.69189,-58.49439, 06:00 a 23:00 hs,Centro de Carga,ESPAÑA 890
953,-34.85286,-58.07913, 06:00 a 21:00 hs,Centro de Carga,CAMINO CENTENTENARIO 871
954,-34.85286,-58.07913, 06:00 a 23:00 hs,Centro de Carga,CNO CENTENARIO-TERM OMNIBUS LA PLAT 871
955,-34.61585,-58.46474, 09:00 a 23:00 hs,Centro de Carga,GAONA AV. 2721
956,-34.60374,-58.47148, 08:00 a 20:00 hs,Centro de Carga,ALVAREZ JONTE 1984
957,-34.60877,-58.68837, 08:00 a 20:00 hs,Centro de Carga,DE LA TRADICION 495
958,-34.68548,-58.46391, 08:00 a 20:00 hs,Centro de Carga,AV. SOLDADO DE LA FRONTERA 5251
959,-34.67846,-58.48644, 08:00 a 20:00 hs,Centro de Carga,AV. CASTAÑARES 6362
960,-34.67369,-58.47561, 08:00 a 20:00 hs,Centro de Carga,LARRAZABAL 3706
961,-34.66719,-58.48399, 08:00 a 20:00 hs,Centro de Carga,LARRAZABAL 3006
962,-34.66619,-58.47782, 08:00 a 20:00 hs,Centro de Carga,MIRALLA 3007
963,-34.66575,-58.48837, 08:00 a 20:00 hs,Centro de Carga,OLIDEN 2945
964,-34.65802,-58.47905, 09:00 a 22:00 hs,Centro de Carga,"AV. PERON, EVA 4946"
965,-34.67494,-58.46823, 08:00 a 20:00 hs,Centro de Carga,POLA 4066
966,-34.45314,-58.77435, 09:00 a 22:30 hs,Centro de Carga,PERON 1674
967,-34.45614,-58.78072, 09:00 a 22:00 hs,Centro de Carga,CATANEO 308
968,-34.45985,-58.77184, 07:30 a 13:00 hs 15:00 a 21:00 hs,Centro de Carga,R. E.DE SAN MARTIN 1171
969,-34.46083,-58.77436, 08:00 a 14:00 hs 17:00 a 23:00 hs,Centro de Carga,HIPOLITO IRIGOYEN 454
970,-34.89388,-58.04081, 07:00 a 22:00 hs,Centro de Carga,CALLE 485 ENTRE 134 Y 135 SN
971,-34.87752,-58.00728, 07:00 a 19:00 hs,Centro de Carga,CALLE 10 ENTRE 501 Y 502 3326
972,-34.69038,-58.82255, 07:00 a 17:00 hs,Centro de Carga,"GRANADA 213, MANZANA 12 CASA 213 213"
973,-34.49243,-58.499, 10:00 a 19:00 hs,Centro de Carga,AV.SANTA FE 2349
974,-34.58738,-58.59355, 08:00 a 22:00 hs,Centro de Carga,PTE. PERON 7055
975,-34.63352,-58.61283, 09:00 a 13:30 hs 16:00 a 20:30 hs,Centro de Carga,PTE PERON 6919
976,-34.59103,-58.58523, 10:00 a 18:00 hs,Centro de Carga,LEANDRO N. ALEM 6226
977,-34.58739,-58.58497, 10:00 a 18:00 hs,Centro de Carga,SAN GUILLERMO 6485
978,-34.66399,-58.51487, 08:00 a 20:00 hs,Centro de Carga,AV. GRAL PAZ 12950
979,-34.65372,-58.5047, 09:00 a 18:00 hs,Centro de Carga,AV. JUAN B. ALBERDI 6104
980,-34.38295,-58.83521, 08:00 a 18:00 hs,Centro de Carga,SARMIENTO 1191
981,-34.95238,-58.05044, 07:00 a 19:00 hs,Centro de Carga,CALLE 520 ENTRE 172 Y 173 7757
982,-34.67047,-58.72509, 09:00 a 19:00 hs,Centro de Carga,AV. DEL LIBERTADOR 371
983,-34.67834,-58.7114, 09:00 a 18:00 hs,Centro de Carga,CAMINO REAL (EX V. VERGARA) 901
984,-34.68936,-58.73441, 09:00 a 18:00 hs,Centro de Carga,AV SAN  MARTÍN 3419
985,-34.69034,-58.71498, 09:00 a 18:00 hs,Centro de Carga,LOURDES 125
986,-34.66621,-58.757, 09:00 a 18:00 hs,Centro de Carga,BILBAO 707
987,-34.67237,-58.72424, 10:00 a 18:00 hs,Centro de Carga,AVENIDA DEL LIBERTADOR 206
988,-34.66481,-58.72836, 10:00 a 18:00 hs,Centro de Carga,JUNCAL 890
989,-34.60516,-58.4102, 09:00 a 18:00 hs,Centro de Carga,VALENTIN GOMEZ 3159
990,-34.74817,-58.41135, 09:00 a 19:00 hs,Centro de Carga,LAS HERAS 1163
991,-34.58395,-58.41254, 08:00 a 20:00 hs,Centro de Carga,ARAOZ 2797
992,-34.56656,-58.43432, 08:00 a 20:00 hs,Centro de Carga,JORGE NEWBERY 1626
993,-34.58548,-58.41666, 08:00 a 22:00 hs,Centro de Carga,SCALABRINI ORTIZ 2446
994,-34.58091,-58.40703, 08:00 a 20:00 hs,Centro de Carga,CERVIÑO 3373
995,-34.59628,-58.41988, 08:00 a 21:00 hs,Centro de Carga,JOSE A CABRERA 3802
996,-34.58475,-58.41632, 08:00 a 20:00 hs,Centro de Carga,SANTA FE 3751
997,-34.58548,-58.41666, 08:00 a 22:00 hs,Centro de Carga,SCALABRINI ORTIZ 2446
998,-34.5884,-58.41097, 08:00 a 21:00 hs,Centro de Carga,STE FE 3253 -BELGRANO 137  NºS01 3253
999,-34.60398,-58.41825, 06:00 a 23:00 hs,Centro de Carga,GUEMES 4098
1000,-34.58775,-58.42044, 06:00 a 23:00 hs,Centro de Carga,SCALABRINI ORTIZ 2090
